datetime,open,high,low,close,volume,dif,dea,macd
2017/1/3,3105.3085,3136.4558,3105.3085,3135.9208,14156718700,0,0,0
2017/1/4,3133.7873,3160.1029,3130.1145,3158.794,16786085000,0.559804247,0.311002359,0.497603775
2017/1/5,3157.9063,3168.5021,3154.281,3165.4109,17472764500,1.204046431,0.677004028,1.054084806
2017/1/6,3163.7761,3172.0347,3153.0253,3154.321,18370896600,1.440986506,0.935805681,1.010361651
2017/1/9,3148.5317,3173.136,3147.7351,3171.2362,17171407500,1.514349557,1.107909404,0.812880307
2017/1/10,3167.5701,3174.5781,3157.3322,3161.6713,17975921600,1.749269729,1.281753711,0.935032035
2017/1/11,3156.6856,3167.0288,3136.2667,3136.7535,17836222100,1.140244966,1.245941623,-0.211393314
2017/1/12,3133.6015,3144.9699,3115.9787,3119.2886,14888924000,-0.272086742,0.88113086,-2.306435204
2017/1/13,3116.0827,3130.5146,3102.1628,3112.7644,15627421400,-1.894834449,0.239869102,-4.269407102
2017/1/16,3104.4924,3105.1423,3044.2912,3103.428,25788599600,-4.359840262,-0.790732808,-7.138214908
2017/1/17,3087.0295,3108.9072,3072.3384,3108.7746,13615786100,-5.817623151,-1.890587692,-7.854070918
2017/1/18,3104.7664,3123.7203,3098.5864,3113.0123,13178012800,-5.941596018,-2.760574387,-6.362043261
2017/1/19,3104.9715,3115.7778,3094.0055,3101.2992,12385142000,-6.294092396,-3.508389563,-5.571405666
2017/1/20,3095.8185,3125.6599,3095.2147,3123.1389,12236677700,-6.13167305,-4.057182426,-4.148981248
2017/1/23,3125.4209,3145.8411,3125.4209,3136.7748,13266039200,-4.541975053,-4.157676782,-0.768596541
2017/1/24,3134.5921,3149.5312,3131.2181,3142.5533,12597388100,-2.908110349,-3.900525326,1.984829952
2017/1/25,3137.6462,3151.4723,3133.1911,3149.5547,11207382700,-1.40984573,-3.390913979,3.962136498
2017/1/26,3149.2167,3163.1041,3148.9083,3159.166,11387677200,0.519855393,-2.594411593,6.228533973
2017/2/3,3160.0816,3162.6771,3136.013,3140.17,9222473600,1.652473379,-1.732614798,6.770176354
2017/2/6,3143.0931,3158.8433,3135.3869,3156.9838,12719828300,2.429968889,-0.890387845,6.640713468
2017/2/7,3154.4046,3159.544,3140.0356,3153.0878,12833744200,3.212688029,-0.062133371,6.5496428
2017/2/8,3148.086,3167.4465,3132.0333,3166.9818,14492018700,3.905756033,0.737343609,6.336824849
2017/2/9,3164.6875,3186.838,3162.5744,3183.1794,19164032700,5.802115619,1.756312944,8.09160535
2017/2/10,3183.0069,3205.049,3182.8021,3196.699,23934891300,8.414336102,3.094235737,10.64020073
2017/2/13,3198.9946,3219.4072,3198.9946,3216.8394,22019150800,11.50539229,4.782846439,13.44509171
2017/2/14,3216.137,3219.4047,3205.2853,3217.928,18879808800,14.20720215,6.673431525,15.06754126
2017/2/15,3215.4639,3235.9977,3206.5606,3212.9857,24150770600,16.36340714,8.61612379,15.4945667
2017/2/16,3210.3567,3230.2754,3207.7852,3229.6184,21695594200,17.97957279,10.49244292,14.97425974
2017/2/17,3227.7073,3238.3959,3199.4248,3202.0756,22622817700,18.84346417,12.16523569,13.35645696
2017/2/20,3198.9633,3241.458,3198.9633,3239.9613,23215209600,19.51237821,13.63648551,11.7517854
2017/2/21,3242.2226,3254.3355,3239.8775,3253.3257,21167306600,21.82761707,15.27633585,13.10256243
2017/2/22,3252.6898,3261.3808,3243.8398,3261.2184,20745377600,23.92454876,17.00734989,13.83439775
2017/2/23,3258.8319,3264.0819,3236.3549,3251.375,20917980000,25.13007729,18.6329257,12.99430319
2017/2/24,3246.8603,3253.9556,3233.5348,3253.4327,18640636200,25.35710945,19.97844471,10.75732949
2017/2/27,3249.1945,3251.6543,3224.0884,3228.6602,18258107100,24.60275215,20.90368152,7.39814127
2017/2/28,3225.9689,3242.679,3225.9689,3241.7331,15124431800,23.40514806,21.40413723,4.002021655
2017/3/1,3240.0726,3259.9781,3237.8714,3246.9335,19067755000,23.11485508,21.74636965,2.736970851
2017/3/2,3250.5183,3256.8074,3228.6647,3230.0281,18121507600,22.26485699,21.85008866,0.829536663
2017/3/3,3219.2019,3221.1553,3206.6127,3218.3118,15708236800,19.42674588,21.36533956,-3.877187373
2017/3/6,3217.3345,3234.6626,3215.067,3233.8657,15609215800,17.66312985,20.62479918,-5.923338676
2017/3/7,3233.0939,3242.6591,3226.8219,3242.4063,16406423500,16.92394722,19.88455007,-5.921205713
2017/3/8,3240.5323,3245.3043,3230.6083,3240.6646,16073138800,16.38428127,19.18443675,-5.600310976
2017/3/9,3233.7007,3233.8749,3205.2794,3216.7457,16737110800,14.47310169,18.24210561,-7.538007835
2017/3/10,3213.7294,3222.3189,3208.4472,3212.7601,13667274300,12.18598998,17.03081654,-9.689653101
2017/3/13,3209.4492,3237.1212,3193.1565,3237.0244,16367376000,10.63308604,15.7512147,-10.23625733
2017/3/14,3235.2515,3246.3285,3231.5209,3239.3278,14694602200,10.76402935,14.75374287,-7.979427051
2017/3/15,3235.403,3243.713,3227.7377,3241.7597,14405568200,10.66921194,13.93681391,-6.535203946
2017/3/16,3247.1628,3269.77,3247.1628,3268.9354,18941600200,12.11765368,13.57297375,-2.910640151
2017/3/17,3271.8665,3274.1903,3232.2806,3237.4471,20058322300,12.77688079,13.41375232,-1.273743057
2017/3/20,3241.1101,3251.1271,3228.1177,3250.8082,17054843000,12.27483772,13.18596615,-1.822256853
2017/3/21,3250.2473,3262.2209,3246.6959,3261.6108,16271930600,12.71260546,13.09129293,-0.757374943
2017/3/22,3246.2233,3255.7779,3229.1283,3245.2198,18973164900,12.03927191,12.8808868,-1.683229794
2017/3/23,3245.8078,3262.0914,3221.9344,3248.5495,19302914400,11.41423772,12.58755484,-2.346634243
2017/3/24,3247.3495,3275.2066,3241.1233,3269.4451,21977791400,11.87009098,12.44406123,-1.14794051
2017/3/27,3268.924,3283.2393,3262.1184,3266.9552,20185267500,13.03817916,12.56288537,0.95058758
2017/3/28,3265.6344,3265.6344,3246.0861,3252.9479,16171001300,12.80119113,12.6105467,0.381288847
2017/3/29,3252.8653,3262.0976,3233.2795,3241.3144,21610557500,11.66618765,12.42167433,-1.510973354
2017/3/30,3235.1369,3240.0174,3195.8524,3210.2369,24713547900,8.506927147,11.63872302,-6.263591739
2017/3/31,3206.2529,3226.2483,3205.5365,3222.5142,19644292200,5.526414242,10.41625892,-9.779689356
2017/4/5,3235.6603,3270.6453,3233.2367,3270.3054,24832020200,6.078578079,9.548721422,-6.940286687
2017/4/6,3272.1926,3286.6739,3265.7645,3281.0047,24528799900,8.335836585,9.306144157,-1.940615145
2017/4/7,3280.6239,3295.187,3275.0507,3286.616,23610894200,10.63905935,9.572727456,2.132663778
2017/4/10,3285.4594,3285.4594,3265.0121,3269.3926,23269461600,11.68543156,9.995268609,3.380325907
2017/4/11,3266.2219,3290.3887,3244.4047,3288.9657,28128124800,12.06793856,10.40980286,3.316271399
2017/4/12,3283.8369,3284.9338,3262.2773,3273.8301,26938179000,12.52517062,10.83287662,3.384587999
2017/4/13,3265.2181,3281.1369,3261.4901,3275.9603,20734687500,12.32268003,11.13083743,2.383685207
2017/4/14,3276.1381,3276.7112,3238.8959,3246.0668,21450855800,11.11115967,11.12690187,-0.031484404
2017/4/17,3229.9491,3229.9491,3199.9121,3222.1673,21273718900,6.9429048,10.29010224,-6.694394886
2017/4/18,3215.3963,3225.0546,3196.4884,3196.7133,18866135300,2.638879795,8.759857439,-12.24195529
2017/4/19,3184.666,3189.4368,3147.0655,3170.6867,21323807500,-3.578970037,6.292091538,-19.74212315
2017/4/20,3165.665,3178.1826,3148.1844,3172.1003,19087398500,-8.960133087,3.241646211,-24.4035586
2017/4/21,3170.2899,3180.7944,3158.6286,3173.1512,16476174000,-12.70156097,0.053004439,-25.50913082
2017/4/24,3164.2479,3164.2479,3111.2145,3129.5312,18627743400,-17.74625218,-3.506847184,-28.47880998
2017/4/25,3123.8943,3145.2672,3117.4488,3134.5674,15341830700,-22.4516848,-7.295814963,-30.31173968
2017/4/26,3132.9181,3152.9534,3131.418,3140.8471,16987810700,-25.14721648,-10.86609546,-28.56224205
2017/4/27,3131.3496,3155.0033,3097.3334,3152.1869,21179307300,-27.41513336,-14.17590318,-26.47846036
2017/4/28,3144.0219,3154.7266,3136.5781,3154.6584,16288989900,-27.80290827,-16.9013043,-21.80320795
2017/5/2,3147.2275,3154.7812,3136.5391,3143.7121,15422296200,-27.94345948,-19.10973539,-17.66744817
2017/5/3,3138.3068,3148.2857,3123.7509,3135.346,16376392400,-28.46279691,-20.98034774,-14.96489835
2017/5/4,3127.1058,3143.8179,3111.3912,3127.3687,17796748500,-29.26185976,-22.63665017,-13.25041918
2017/5/5,3114.7735,3117.6141,3092.0918,3103.0378,17621364100,-31.18998353,-24.34731687,-13.68533333
2017/5/8,3090.0652,3093.4516,3067.6943,3078.6129,18052690400,-34.29005899,-26.33586532,-15.90838736
2017/5/9,3064.8484,3084.2077,3056.558,3080.5269,13506667400,-37.19778394,-28.50824906,-17.37906975
2017/5/10,3078.1728,3090.8191,3051.5896,3052.785,16079445200,-39.30626047,-30.66785136,-17.27681823
2017/5/11,3036.7891,3063.5637,3016.5305,3061.5003,19134190100,-42.40184809,-33.01465072,-18.77439475
2017/5/12,3054.1123,3090.4914,3051.8713,3083.5132,15968409900,-42.32002833,-34.87572625,-14.88860415
2017/5/15,3085.9319,3098.9125,3085.9319,3090.2289,13566072800,-40.15968814,-35.93251863,-8.45433902
2017/5/16,3082.8717,3113.5116,3060.5344,3112.9642,17377556400,-37.83255834,-36.31252657,-3.040063524
2017/5/17,3107.802,3119.5816,3101.2953,3104.4415,16867415800,-34.31819794,-35.91366084,3.190925819
2017/5/18,3082.3288,3103.4413,3077.9631,3090.139,14862003500,-32.75267368,-35.28146341,5.057579468
2017/5/19,3086.7054,3095.4826,3081.278,3090.6309,12963523000,-31.14835847,-34.45484242,6.612967909
2017/5/22,3087.1705,3103.9375,3063.1529,3075.6756,15368373000,-30.01787185,-33.5674483,7.099152915
2017/5/23,3069.3935,3084.2352,3050.8423,3061.947,17831059900,-30.05588112,-32.86513487,5.618507487
2017/5/24,3047.5681,3064.8127,3022.3026,3064.0759,13981335300,-31.09152045,-32.51041198,2.837783063
2017/5/25,3055.3425,3114.6578,3052.8309,3107.8311,19139184100,-28.91964501,-31.79225859,5.745227158
2017/5/26,3101.2864,3120.6627,3100.3877,3110.0587,15592348600,-24.86074482,-30.40595583,11.09042204
2017/5/31,3125.3252,3143.2787,3111.5563,3117.1778,15295043000,-20.10291836,-28.34534834,16.48485995
2017/6/1,3108.4214,3113.5212,3097.6794,3102.6232,16301571900,-17.64302878,-26.20488443,17.12371129
2017/6/2,3094.2253,3110.3891,3081.8485,3105.54,14250492500,-16.11754904,-24.18741735,16.13973661
2017/6/5,3102.1095,3105.5056,3084.8301,3091.6561,13257030000,-14.89620604,-22.32917509,14.86593809
2017/6/6,3084.5401,3102.8633,3078.7872,3102.126,11343996300,-14.08422166,-20.6801844,13.19192549
2017/6/7,3101.7608,3140.7743,3098.9508,3140.3249,17322901400,-11.02494335,-18.74913619,15.44838569
2017/6/8,3136.4705,3153.2635,3132.8278,3150.3336,15227765900,-6.686542935,-16.33661754,19.30014921
2017/6/9,3147.4533,3165.9197,3146.1075,3158.4004,16013633400,-2.314452951,-13.53218462,22.43546334
2017/6/12,3149.5266,3164.9502,3135.314,3139.8766,14672942500,0.574836876,-10.71078032,22.57123439
2017/6/13,3134.0089,3155.9895,3131.0431,3153.7429,12831827900,2.535233497,-8.061577558,21.19362211
2017/6/14,3146.748,3149.1731,3125.3546,3130.674,13834704200,3.586978434,-5.731866359,18.63768959
2017/6/15,3125.5865,3137.5854,3117.084,3132.4863,14695424500,3.588376296,-3.867817828,14.91238825
2017/6/16,3126.3728,3134.2511,3117.8567,3123.1662,12965275800,3.327347849,-2.428784693,11.51226508
2017/6/19,3122.1578,3146.7703,3121.7787,3144.3739,13489175800,3.751561751,-1.192715404,9.88855431
2017/6/20,3148.0187,3150.4646,3134.6106,3140.0136,14119180200,4.799400105,0.005707698,9.587384814
2017/6/21,3148.9861,3157.0275,3132.6173,3156.2118,13668826800,5.999051631,1.204376485,9.589350293
2017/6/22,3152.2424,3186.9823,3146.6432,3147.4532,19134400600,7.637837038,2.491068595,10.29353689
2017/6/23,3138.4441,3158.0474,3118.0946,3157.873,15484364800,7.62114277,3.51708343,8.208118679
2017/6/26,3157.0022,3187.8891,3156.9767,3185.4439,17357921100,9.811417581,4.77595026,10.07093464
2017/6/27,3183.4198,3193.4613,3172.463,3191.1969,14820119800,12.47704702,6.316169613,12.32175482
2017/6/28,3183.6334,3193.4397,3170.7859,3173.2014,14651672000,14.03485114,7.859905919,12.34989045
2017/6/29,3174.9811,3188.7741,3174.2835,3188.0625,12875547000,15.19592535,9.327109805,11.73763109
2017/6/30,3176.9481,3193.2411,3171.5703,3192.4269,12146454300,16.09364954,10.68041775,10.82646358
2017/7/3,3191.9982,3196.2861,3177.0244,3195.9116,14030571700,17.15267653,11.97486951,10.35561405
2017/7/4,3192.8885,3193.0644,3174.314,3182.8039,14111496700,17.42499737,13.06489508,8.720204581
2017/7/5,3179.2169,3207.3095,3174.7081,3207.1342,14829648300,17.9442533,14.04076673,7.806973158
2017/7/6,3203.8631,3215.95,3188.7733,3212.444,17580928700,19.19673989,15.07196136,8.249557056
2017/7/7,3203.8225,3219.5232,3195.2905,3217.9567,17671541600,20.26960588,16.11149026,8.316231243
2017/7/10,3208.4627,3223.3402,3203.2089,3212.6319,19892801000,21.0995475,17.10910171,7.980891576
2017/7/11,3201.5169,3226.908,3199.2235,3203.0375,18783726200,21.17116281,17.92151393,6.499297755
2017/7/12,3201.9292,3215.1962,3177.9346,3197.5439,18690088000,20.22657279,18.3825257,3.688094173
2017/7/13,3192.3615,3219.2683,3190.3393,3218.1632,19530361100,19.80497833,18.66701623,2.275924203
2017/7/14,3212.0316,3222.9784,3204.8529,3222.4168,16012677300,20.0894784,18.95150866,2.275939485
2017/7/17,3219.7914,3230.354,3139.5035,3176.4648,26620527400,18.16567571,18.79434207,-1.257332721
2017/7/18,3159.7318,3187.671,3150.1284,3187.5672,19062306000,14.83577911,18.00262948,-6.33370074
2017/7/19,3181.4015,3232.9408,3179.73,3230.9762,27242072600,14.84874454,17.37185249,-5.046215905
2017/7/20,3227.5056,3246.236,3225.4328,3244.8647,23210839200,17.06263814,17.31000962,-0.494742967
2017/7/21,3236.5881,3247.7122,3231.9556,3237.9817,20600325100,18.80610508,17.60922871,2.393752738
2017/7/24,3230.898,3261.1046,3230.0705,3250.5989,23305639900,20.32538023,18.15245902,4.345842425
2017/7/25,3249.1376,3261.6454,3233.1376,3243.6894,20557387300,21.5819668,18.83836057,5.48721245
2017/7/26,3244.4608,3264.8483,3228.0389,3247.6748,21354200500,22.26892699,19.52447386,5.488906269
2017/7/27,3243.765,3251.9261,3220.6366,3249.7814,22848594500,22.17617788,20.05481466,4.242726431
2017/7/28,3240.1728,3256.3706,3232.9634,3253.2404,18222688000,22.18259737,20.4803712,3.404452331
2017/7/31,3252.7519,3276.9461,3251.1941,3273.0283,24603944000,23.35421391,21.05513974,4.59814834
2017/8/1,3274.3685,3292.6383,3273.5038,3292.6383,23719459400,25.58602835,21.96131746,7.24942177
2017/8/2,3288.5183,3305.4313,3282.0377,3285.0568,26673062800,27.59932633,23.08891924,9.02081419
2017/8/3,3279.9864,3293.3686,3262.1554,3272.9286,23327700400,27.81308483,24.03375236,7.558664941
2017/8/4,3269.3182,3287.1929,3261.3066,3262.0809,27590634000,27.09442679,24.64588724,4.897079096
2017/8/7,3257.67,3280.1035,3243.7153,3279.4566,23117337900,25.84462761,24.88563532,1.91798459
2017/8/8,3277.1887,3285.4833,3269.6582,3281.8728,25204353700,25.63301849,25.03511195,1.19581308
2017/8/9,3277.8083,3277.9433,3263.8468,3275.573,23559790700,24.79556991,24.98720354,-0.383267268
2017/8/10,3269.7347,3282.519,3236.1829,3261.7494,24068462200,22.95974292,24.58171142,-3.243936993
2017/8/11,3237.9222,3245.1163,3200.7481,3208.5413,26296299500,18.11163058,23.28769525,-10.35212935
2017/8/14,3206.0436,3240.0517,3206.0436,3237.3602,19034679600,14.05043744,21.44024369,-14.77961249
2017/8/15,3235.2298,3263.5892,3235.1013,3251.2617,18229799700,12.61666224,19.6755274,-14.11773032
2017/8/16,3247.8525,3248.785,3228.8705,3246.4512,17685205100,11.08585386,17.95759269,-13.74347766
2017/8/17,3253.8455,3269.1389,3251.4593,3268.4298,20362255100,11.17440321,16.60095479,-10.85310317
2017/8/18,3253.2434,3275.0763,3248.0833,3268.7243,19112248300,11.16138299,15.51304043,-8.703314883
2017/8/21,3274.5805,3287.5186,3270.4753,3286.9055,18612248300,12.5067929,14.91179093,-4.809996062
2017/8/22,3287.6147,3293.476,3274.941,3290.2257,18653799100,13.9523824,14.71990922,-1.535053648
2017/8/23,3283.7966,3299.4572,3274.4404,3287.7049,17983220800,14.90884804,14.75769698,0.302302106
2017/8/24,3287.9594,3297.9886,3266.3589,3271.5117,16346893700,15.05793587,14.81774476,0.480382218
2017/8/25,3271.4608,3331.9146,3271.4608,3331.5221,20583948200,16.64922551,15.18404091,2.930369194
2017/8/28,3336.1264,3375.0339,3336.1264,3362.6514,25746143800,21.76620653,16.50047403,10.53146499
2017/8/29,3362.0604,3374.5947,3354.4627,3365.2261,21950453500,26.45265717,18.49091066,15.92349302
2017/8/30,3361.8207,3376.6481,3357.0803,3363.6266,24686331200,29.87939707,20.76860794,18.22157825
2017/8/31,3361.4621,3367.3581,3340.6865,3360.8103,23441978100,31.64813082,22.94451252,17.40723661
2017/9/1,3365.9913,3381.9252,3358.4724,3367.1194,28249758400,33.53459051,25.06252812,16.94412479
2017/9/4,3369.7185,3381.4027,3359.1309,3379.583,26742784900,34.95602996,27.04122849,15.82960295
2017/9/5,3377.1968,3390.8233,3371.5706,3384.317,21655294600,36.35084257,28.9031513,14.89538254
2017/9/6,3372.4277,3391.0105,3364.7645,3385.3888,22909078500,36.82365399,30.48725184,12.67280429
2017/9/7,3383.6281,3387.7956,3363.1765,3365.4974,22111868500,36.50533882,31.69086924,9.628939168
2017/9/8,3364.4275,3380.8898,3353.6876,3365.2426,19840518400,35.12497344,32.37769008,5.494566719
2017/9/11,3365.3506,3384.81,3360.0462,3376.4188,21901101900,34.08949192,32.72005044,2.738882953
2017/9/12,3381.487,3391.0694,3370.8519,3379.488,27291031900,33.6130789,32.89865614,1.428845525
2017/9/13,3374.7185,3387.1397,3366.5412,3384.147,19455071500,32.65035779,32.84899647,-0.39727736
2017/9/14,3383.47,3391.6435,3361.3335,3371.4256,22130648700,31.43079564,32.5653563,-2.269121327
2017/9/15,3365.1454,3365.5277,3345.3283,3353.6192,21976581600,28.55653347,31.76359173,-6.414116521
2017/9/18,3352.5134,3371.7486,3352.5134,3362.8587,19031967600,26.17888723,30.64665083,-8.935527207
2017/9/19,3365.5315,3370.4009,3344.7054,3356.8446,19112969100,23.97481271,29.31228321,-10.674941
2017/9/20,3352.1848,3370.0978,3346.5356,3365.9959,19219666100,21.92154253,27.83413507,-11.82518509
2017/9/21,3364.6977,3377.8844,3356.8754,3357.8123,19744869500,20.5108709,26.36948224,-11.71722267
2017/9/22,3347.1569,3356.4514,3334.9846,3352.5294,17923400700,17.85272207,24.6661302,-13.62681627
2017/9/25,3344.5886,3350.9612,3334.9438,3341.5487,16962129300,15.18616452,22.77013707,-15.1679451
2017/9/26,3336.3497,3347.1629,3332.5985,3343.5826,13262859500,12.67765137,20.75163993,-16.14797711
2017/9/27,3340.8219,3349.6949,3340.2989,3345.2717,14308694500,10.89475705,18.78026335,-15.77101261
2017/9/28,3343.8446,3344.6005,3336.1784,3339.6421,14944430000,9.137983519,16.85180738,-15.42764773
2017/9/29,3340.3109,3357.0154,3340.3109,3348.9431,14486244300,8.102479653,15.10194184,-13.99892437
2017/10/9,3403.2458,3410.1704,3366.965,3374.3781,19173605700,10.55284661,14.19212279,-7.278552372
2017/10/10,3373.3446,3384.0262,3358.7953,3382.9879,17942384100,11.24345241,13.60238872,-4.717872615
2017/10/11,3381.488,3395.7794,3379.1634,3388.2838,18147670400,12.56501028,13.39491303,-1.659805492
2017/10/12,3385.5329,3390.2036,3372.5331,3386.1,16180938000,13.25091741,13.36611391,-0.230392983
2017/10/13,3384.4883,3395.7484,3383.2392,3390.5233,13995476400,14.02877475,13.49864607,1.060257352
2017/10/16,3393.2055,3400.5113,3374.7687,3378.4704,17433062000,14.33787043,13.66649095,1.342758971
2017/10/17,3373.2342,3382.4072,3365.5646,3372.0407,12538172500,13.34552163,13.60229708,-0.513550905
2017/10/18,3373.5281,3383.2323,3371.9249,3381.7937,15722879100,12.75961863,13.43376139,-1.348285517
2017/10/19,3374.6444,3378.7359,3359.6284,3370.1721,15847649500,11.61076069,13.06916125,-2.916801121
2017/10/20,3363.5138,3379.7652,3360.1001,3378.6481,12717285100,10.55533569,12.56639614,-4.022120898
2017/10/23,3382.28,3385.2853,3374.705,3380.699,13084628900,10.42465592,12.1380481,-3.426784353
2017/10/24,3376.5989,3388.6886,3374.1246,3388.2477,13989751100,10.29701469,11.76984142,-2.945653447
2017/10/25,3384.8579,3398.3041,3382.0338,3396.8975,12313122200,10.76637379,11.56914789,-1.605548199
2017/10/26,3397.519,3414.2415,3391.4549,3407.5671,18376862500,11.98242102,11.65180252,0.661237014
2017/10/27,3404.4978,3421.1026,3402.1141,3416.8124,17025717300,13.47157787,12.01575759,2.911640567
2017/10/30,3413.8679,3419.7315,3357.2762,3390.3371,20834928600,13.22209783,12.25702564,1.930144381
2017/10/31,3380.999,3397.0988,3376.1238,3393.3417,15349820600,12.20488653,12.24659782,-0.083422562
2017/11/1,3393.9678,3410.3519,3388.5978,3395.9125,18056612700,12.09182158,12.21564257,-0.24764198
2017/11/2,3391.652,3391.652,3372.2131,3383.3095,16686426700,10.86822073,11.9461582,-2.155874938
2017/11/3,3377.7356,3380.57,3347.3603,3371.7441,17271479000,8.560872426,11.26910105,-5.41645724
2017/11/6,3369.685,3389.3826,3356.5337,3388.1742,15463646800,7.181368729,10.45155458,-6.540371707
2017/11/7,3389.4721,3415.1482,3387.9459,3413.5748,19057174600,8.060198991,9.973283465,-3.826168947
2017/11/8,3409.1474,3434.4918,3404.8811,3415.4602,18543647000,9.810381269,9.940703026,-0.260643512
2017/11/9,3410.6723,3428.7704,3408.6186,3427.7946,15865042600,11.3066388,10.21389018,2.185497231
2017/11/10,3423.1846,3438.7924,3414.3286,3432.6731,18927650300,13.01063834,10.77323981,4.47479706
2017/11/13,3435.1839,3449.1638,3435.0849,3447.8358,20538905400,15.35988388,11.69056863,7.338630511
2017/11/14,3446.5453,3450.4949,3419.6919,3429.5482,19647267400,16.60685339,12.67382558,7.866055627
2017/11/15,3416.2112,3423.7495,3396.381,3402.5245,16879207600,15.25241054,13.18954257,4.125735935
2017/11/16,3393.1937,3409.6532,3390.5888,3399.2503,15668433200,13.09644813,13.17092368,-0.148951102
2017/11/17,3392.6834,3403.2855,3373.2956,3382.9075,24945815300,10.45008507,12.62675596,-4.353341786
2017/11/20,3361.3563,3393.1063,3337.116,3392.3988,17652468300,6.897628218,11.48093041,-9.166604387
2017/11/21,3382.3595,3419.802,3377.5989,3410.4977,19687180300,6.155316857,10.4158077,-8.520981687
2017/11/22,3417.3313,3442.1777,3404.2865,3430.4643,21356709300,7.577695691,9.848185299,-4.540979216
2017/11/23,3425.0093,3429.4237,3342.3324,3351.9182,21526539300,5.702510633,9.019050366,-6.633079465
2017/11/24,3340.3842,3360.7459,3328.3339,3353.8207,15956966300,0.869809261,7.389202145,-13.03878577
2017/11/27,3346.6567,3347.0506,3315.2642,3322.2298,16643917000,-3.965107829,5.11834015,-18.16689596
2017/11/28,3311.2322,3333.7998,3300.7808,3333.657,13824779900,-8.739644165,2.346743287,-22.1727749
2017/11/29,3335.5671,3343.0624,3305.5721,3337.862,18380593200,-11.5313317,-0.428871711,-22.20491998
2017/11/30,3328.6427,3340.9201,3306.2832,3317.1884,15659585100,-14.16606999,-3.176311367,-21.97951725
2017/12/1,3315.1051,3324.5161,3302.4398,3317.6174,13919830000,-16.73410629,-5.887870351,-21.69247188
2017/12/4,3310.3814,3323.9961,3304.1034,3309.6183,14805328800,-18.78632268,-8.467560818,-20.63752373
2017/12/5,3301.6906,3315.7373,3300.5117,3303.6751,20827886200,-20.70827628,-10.91570391,-19.58514474
2017/12/6,3291.3128,3296.2013,3254.6108,3293.9648,15160445200,-23.68371537,-13.4693062,-20.42881833
2017/12/7,3283.2791,3291.2817,3259.1637,3272.0542,13210590000,-26.34949281,-16.04534352,-20.60829857
2017/12/8,3264.4776,3297.1304,3258.7593,3289.9924,13320931400,-28.04642678,-18.44556017,-19.20173322
2017/12/11,3290.4881,3322.6736,3288.2949,3322.1956,13196598400,-26.79692151,-20.11583244,-13.36217814
2017/12/12,3320.3103,3320.3103,3280.3291,3280.8136,12460482700,-25.94911713,-21.28248938,-9.333255503
2017/12/13,3278.3968,3304.0101,3273.3248,3303.0373,11199864700,-25.84660266,-22.19531204,-7.302581252
2017/12/14,3302.9322,3309.5295,3282.5732,3292.4385,12054423500,-24.89928447,-22.73610652,-4.326355888
2017/12/15,3287.5292,3287.5292,3259.3883,3266.1371,13094061800,-25.60617207,-23.31011963,-4.592104879
2017/12/18,3268.0335,3280.5438,3254.1775,3267.9224,12070038900,-26.46462108,-23.94101992,-5.047202309
2017/12/19,3266.0191,3296.9398,3266.0191,3296.5384,11514013400,-25.74194471,-24.30120488,-2.881479664
2017/12/20,3296.7403,3300.2124,3276.1201,3287.6057,13774511800,-24.18115133,-24.27719417,0.192085678
2017/12/21,3281.1179,3309.2233,3267.4042,3300.0593,14212792700,-22.74005109,-23.96976555,2.459428931
2017/12/22,3297.6852,3307.3276,3293.4415,3297.063,12404732600,-20.59973494,-23.29575943,5.392048985
2017/12/25,3296.2106,3312.2998,3270.4407,3280.461,14689363500,-19.40814097,-22.51823574,6.220189539
2017/12/26,3277.8372,3307.2994,3274.3274,3306.1246,14243450100,-18.13020249,-21.64062909,7.020853194
2017/12/27,3302.4612,3307.0798,3270.349,3275.7828,16267489000,-17.12010764,-20.7365248,7.232834311
2017/12/28,3272.2913,3304.0962,3263.7282,3296.3847,17537167000,-16.5159774,-19.89241532,6.752875835
2017/12/29,3295.2461,3308.2249,3292.7699,3307.1721,14158683600,-14.52000041,-18.81793234,8.59586385
2018/1/2,3314.0307,3349.053,3314.0307,3348.3259,20227886000,-10.35713783,-17.12577344,13.53727122
2018/1/3,3347.7428,3379.9152,3345.2887,3369.1084,21383614900,-4.651954468,-14.63100964,19.95811035
2018/1/4,3371,3392.8264,3365.2954,3385.7102,20695528800,1.322323419,-11.44034303,25.5253329
2018/1/5,3386.464,3402.0694,3380.245,3391.7501,21306068100,6.899282461,-7.772417932,29.34340079
2018/1/8,3391.5528,3412.7307,3384.5591,3409.4795,23616510600,11.94378903,-3.82917654,31.54593114
2018/1/9,3406.1116,3417.2278,3403.5869,3413.8996,19148855100,16.60758034,0.258174835,32.698811
2018/1/10,3414.1128,3430.2139,3398.8423,3421.8343,20909499700,20.55445808,4.317431484,32.47405319
2018/1/11,3415.585,3426.4829,3405.639,3425.3449,17381213300,23.57301377,8.16854794,30.80893165
2018/1/12,3423.8793,3435.4239,3417.9802,3428.9407,17406340400,26.33089655,11.80101766,29.05975778
2018/1/15,3428.9508,3442.5008,3402.312,3410.4882,23200928300,27.75336972,14.99148807,25.52376329
2018/1/16,3403.4694,3437.5827,3401.9606,3436.594,21147546800,28.45892795,17.68497605,21.54790381
2018/1/17,3438.5762,3465.2049,3430.5114,3444.6713,26104503000,30.6688781,20.28175646,20.77424328
2018/1/18,3449.881,3476.546,3448.7885,3474.754,22003955500,33.46688573,22.91878231,21.09620683
2018/1/19,3481.62,3498.4341,3474.2915,3487.864,24753673300,37.11721408,25.75846867,22.71749083
2018/1/22,3476.9939,3503.3857,3475.673,3501.3622,21748753400,39.85740736,28.57825641,22.55830191
2018/1/23,3504.3439,3547.2222,3504.3439,3546.5048,23870590400,44.44180486,31.7509661,25.38167752
2018/1/24,3553.4787,3569.4891,3527.1119,3559.4653,25295449600,49.66360967,35.33349481,28.66022972
2018/1/25,3555.1677,3571.4805,3528.0349,3548.307,24341342200,53.05807573,38.87841099,28.35932946
2018/1/26,3535.4931,3574.9048,3534.1952,3558.1288,22269829500,55.10755852,42.1242405,25.96663605
2018/1/29,3563.64,3587.0323,3510.2689,3523.0007,23602696500,55.71074239,44.84154088,21.73840302
2018/1/30,3511.5005,3523.0513,3484.6556,3488.009,18636997500,52.02400191,46.27803308,11.49193766
2018/1/31,3470.5089,3495.4533,3454.7259,3480.8334,20725340300,46.43478842,46.30938415,0.250808535
2018/2/1,3478.6701,3495.0933,3424.4188,3446.9799,26050470700,40.40262698,45.12803272,-9.450811471
2018/2/2,3419.2249,3463.1639,3388.8597,3462.0808,20812055100,32.98586202,42.69959858,-19.42747312
2018/2/5,3411.6698,3487.7211,3406.2405,3487.497,21767375400,27.99167366,39.75801359,-23.53267987
2018/2/6,3418.01,3440.124,3364.2163,3370.652,28055547700,19.76873579,35.76015803,-31.98284448
2018/2/7,3412.7441,3425.5377,3304.007,3309.2598,26093971400,10.27996441,30.66411931,-40.7683098
2018/2/8,3281.0458,3307.1623,3225.7117,3262.0504,20126249900,-4.761576295,23.57898019,-56.68111297
2018/2/9,3172.8509,3180.11,3062.7426,3129.8508,25638917600,-27.07009107,13.44916594,-81.03851401
2018/2/12,3128.3709,3168.1258,3113.6054,3154.1254,15331083100,-43.86738109,1.985856531,-91.70647525
2018/2/13,3176.1066,3219.2169,3176.1066,3184.9587,15152759700,-52.69546124,-8.950407024,-87.49010844
2018/2/14,3188.2475,3203.4967,3171.3836,3199.1589,10032282700,-58.89390824,-18.93910727,-79.90960195
2018/2/22,3237.5692,3269.9156,3234.1152,3268.5589,13873044500,-58.13576548,-26.77843891,-62.71465315
2018/2/23,3275.429,3294.1338,3258.4878,3289.0241,14579036800,-54.74703922,-32.37215897,-44.74976049
2018/2/26,3307.295,3335.9856,3281.615,3329.5737,18856860200,-48.72809312,-35.6433458,-26.16949464
2018/2/27,3328.6719,3328.6719,3284.6293,3292.0679,17421936800,-43.8644907,-37.28757478,-13.15383184
2018/2/28,3264.0585,3277.8324,3239.8438,3259.408,15104353600,-43.40107039,-38.5102739,-9.781592978
2018/3/1,3235.0887,3280.1491,3228.5848,3273.7549,15909832000,-43.01335396,-39.41088992,-7.204928095
2018/3/2,3248.4464,3269.9377,3242.2669,3254.5283,15086106300,-42.26723421,-39.98215878,-4.570150869
2018/3/5,3255.8713,3269.3999,3236.7172,3256.9263,14483598800,-41.12649441,-40.2110259,-1.830937017
2018/3/6,3266.4868,3290.2534,3243.654,3289.6419,19535804600,-38.34569891,-39.8379605,2.984523194
2018/3/7,3288.8645,3308.4063,3264.7639,3271.6683,16866501900,-34.85917509,-38.84220342,7.966056661
2018/3/8,3268.3468,3289.4974,3261.5524,3288.4055,14982751900,-32.24685472,-37.52313368,10.55255792
2018/3/9,3291.4258,3309.7153,3283.5591,3307.1656,16842450900,-28.1561954,-35.64974602,14.98710124
2018/3/12,3319.2089,3333.5611,3313.5552,3326.6992,20653243600,-22.61298659,-33.04239414,20.8588151
2018/3/13,3324.1215,3333.8754,3307.3764,3310.2389,17711435300,-18.35957072,-30.10582945,23.49251747
2018/3/14,3298.6655,3304.9787,3287.3558,3291.3819,15749108500,-16.67719024,-27.42010161,21.48582274
2018/3/15,3277.5143,3297.0981,3273.2008,3291.112,14857360600,-16.03569027,-25.14321934,18.21505815
2018/3/16,3290.209,3300.5654,3269.2826,3269.8821,14120364700,-15.52955763,-23.220487,15.38185874
2018/3/19,3264.9281,3280.5673,3251.0471,3279.2517,13795498000,-16.03585277,-21.78356015,11.49541476
2018/3/20,3257.2188,3292.5742,3252.4333,3290.6399,13988108100,-15.90931076,-20.60871028,9.398799034
2018/3/21,3299.731,3314.209,3268.8779,3280.9521,16839827700,-14.21482957,-19.32993413,10.23020913
2018/3/22,3281.265,3288.7967,3242.7619,3263.4803,15043297700,-14.46959041,-18.35786539,7.776549957
2018/3/23,3172.772,3188.2351,3110.6637,3152.7608,27553201300,-23.51599203,-19.38949072,-8.253002629
2018/3/26,3117.3192,3134.2759,3091.4575,3133.7218,18636635000,-33.2803706,-22.1676667,-22.22540781
2018/3/27,3164.7976,3172.7777,3143.5695,3166.6488,18907338300,-37.14062195,-25.16225775,-23.95672841
2018/3/28,3130.5711,3165.2126,3117.5336,3122.2895,16350048800,-41.97912404,-28.52563101,-26.90698607
2018/3/29,3127.2628,3174.5089,3098.2465,3160.5306,17031238400,-44.79415988,-31.77933678,-26.0296462
2018/3/30,3161.7856,3177.7208,3152.8888,3168.8966,15464659600,-44.48007787,-34.319485,-20.32118575
2018/4/2,3169.7787,3192.3403,3159.986,3163.179,17772777700,-43.24862983,-36.10531396,-14.28663173
2018/4/3,3130.013,3144.3321,3119.1321,3136.6332,15221667400,-44.88558843,-37.86136886,-14.04843914
2018/4/4,3147.0491,3163.3404,3128.8668,3131.1114,14697668200,-44.85373704,-39.25984249,-11.18778909
2018/4/9,3125.4415,3146.0926,3110.3025,3138.2936,13960862100,-45.31951601,-40.4717772,-9.695477623
2018/4/10,3144.2568,3190.6492,3139.0807,3190.3216,16820135900,-42.29263411,-40.83594858,-2.913371058
2018/4/11,3197.3719,3220.8453,3191.5865,3208.0818,17586719700,-36.37638494,-39.94403585,7.135301826
2018/4/12,3203.2782,3205.2522,3177.0492,3180.1583,14823131300,-32.36658191,-38.42854506,12.1239263
2018/4/13,3192.0418,3197.8959,3155.5058,3159.0521,12755231000,-30.07750482,-36.75833701,13.36166439
2018/4/16,3152.8882,3153.1063,3096.1003,3110.6489,15441569500,-31.76541673,-35.75975296,7.988672455
2018/4/17,3112.9747,3118.7596,3064.0281,3066.7967,14722284600,-35.72099026,-35.75200042,0.06202032
2018/4/18,3091.9095,3096.889,3041.625,3091.3987,15929050300,-39.22542632,-36.4466856,-5.557481449
2018/4/19,3094.2738,3127.4389,3090.2867,3117.376,16005680500,-39.3791181,-37.0331721,-4.691891998
2018/4/20,3105.4617,3111.1707,3065.9214,3071.5425,15514709100,-40.55205959,-37.7369496,-5.630219994
2018/4/23,3063.4427,3085.0573,3045.9369,3068.012,13168634000,-42.83662505,-38.75688469,-8.159480717
2018/4/24,3069.7455,3136.0395,3069.7455,3128.9271,16227480600,-41.30627775,-39.2667633,-4.079028899
2018/4/25,3112.3978,3122.9082,3107.0008,3117.9739,12731105300,-38.52327969,-39.11806658,1.18957377
2018/4/26,3119.4962,3121.9334,3067.9286,3075.0301,13397273600,-37.41738002,-38.77792927,2.721098487
2018/4/27,3082.4148,3088.0347,3049.9139,3082.2316,13122564300,-37.75573094,-38.5734896,1.635517328
2018/5/2,3087.4086,3097.6039,3064.763,3081.1773,13418456600,-37.02501577,-38.26379484,2.477558124
2018/5/3,3074.5165,3105.6598,3056.1573,3100.8586,13998562000,-35.90614816,-37.7922655,3.772234685
2018/5/4,3093.1169,3104.0925,3086.7845,3091.0334,11871126500,-33.86580945,-37.00697429,6.282329683
2018/5/7,3094.8989,3136.8363,3091.6579,3136.6448,13894818600,-30.18595024,-35.64276948,10.91363848
2018/5/8,3135.2957,3169.7014,3134.0621,3161.4976,14692706100,-24.156499,-33.34551538,18.37803276
2018/5/9,3160.1382,3165.3733,3145.6574,3159.1502,12263726800,-18.56373209,-30.38915872,23.65085327
2018/5/10,3169.0498,3176.1376,3155.5331,3174.4127,13300075600,-13.07665366,-26.92665771,27.7000081
2018/5/11,3179.7967,3180.7564,3162.2121,3163.2632,13065974900,-8.411355703,-23.22359731,29.62448321
2018/5/14,3167.0418,3183.8159,3163.476,3174.032,12932735300,-4.613739005,-19.50162565,29.77577329
2018/5/15,3180.4245,3192.8069,3164.5181,3192.1183,12454905100,-0.758142857,-15.75292909,29.98957247
2018/5/16,3180.2259,3191.9481,3166.8113,3169.5652,13052496800,1.846131821,-12.23311691,28.15849746
2018/5/17,3170.0064,3172.7664,3148.6213,3154.2825,11399556700,2.611583984,-9.26417673,23.75152143
2018/5/18,3151.0818,3193.4531,3144.776,3193.3034,13651691800,3.918184865,-6.627704411,21.09177855
2018/5/21,3206.1756,3219.7398,3203.3362,3213.8404,16445941300,8.097633305,-3.682636868,23.56054035
2018/5/22,3211.247,3214.5888,3192.2277,3214.3497,14429268400,11.0668817,-0.732733153,23.59922971
2018/5/23,3205.437,3205.437,3168.9642,3168.9642,15780764800,11.59964576,1.733742629,19.73180626
2018/5/24,3167.9391,3173.5309,3152.0692,3154.6506,12408580000,9.878344708,3.362663044,13.03136333
2018/5/25,3148.41,3156.7261,3131.0675,3141.3032,12861084300,7.007540812,4.091638598,5.831804428
2018/5/28,3136.8092,3149.6646,3115.9585,3135.0821,12875591800,3.880908235,4.049492525,-0.337168581
2018/5/29,3129.621,3143.2076,3112.1531,3120.4605,13571780000,0.747423928,3.389078806,-5.283309755
2018/5/30,3081.1418,3085.397,3041.0002,3041.4434,15511512600,-6.830685701,1.345125905,-16.35162321
2018/5/31,3061.8291,3098.0764,3054.2685,3095.4737,14047553200,-11.48025922,-1.21995112,-20.5206162
2018/6/1,3084.7536,3102.088,3059.7857,3075.1372,12987219900,-14.75061273,-3.926083442,-21.64905857
2018/6/4,3083.4265,3098.402,3076.9936,3091.1909,11459390200,-16.58139695,-6.457146145,-20.24850162
2018/6/5,3088.0076,3114.7687,3080.0457,3114.2055,11873559200,-16.88919916,-8.543556748,-16.69128483
2018/6/6,3109.1746,3117.5251,3103.5329,3115.1803,12019613500,-15.97293423,-10.02943224,-11.88700398
2018/6/7,3121.1842,3128.7154,3105.5779,3109.4988,12778497000,-14.68288183,-10.96012216,-7.445519342
2018/6/8,3100.6038,3100.6848,3053.2879,3067.1478,13468822000,-16.36170822,-12.04043937,-8.642537697
2018/6/11,3057.3393,3063.6102,3037.9138,3052.7831,10856378600,-19.68585559,-13.56952262,-12.23266594
2018/6/12,3053.0279,3081.4473,3034.1012,3079.8018,11327509600,-21.33336129,-15.12229035,-12.42214188
2018/6/13,3071.4636,3071.4636,3044.1198,3049.7965,11960788600,-22.61106364,-16.62004501,-11.98203726
2018/6/14,3038.0704,3066.0469,3032.4062,3044.1597,11546948700,-24.47444253,-18.19092451,-12.56703603
2018/6/15,3037.4522,3048.7967,3008.7324,3021.9008,14453257100,-26.92783035,-19.93830568,-13.97904934
2018/6/19,2982.6504,2984.9706,2871.3548,2907.8221,23055006700,-35.92372701,-23.13538995,-25.57667413
2018/6/20,2889.984,2925.5611,2872.1629,2915.7314,14430142000,-45.42140842,-27.59259364,-35.65762956
2018/6/21,2912.0032,2940.5863,2872.6189,2875.8099,15437833200,-52.39327296,-32.55272951,-39.68108691
2018/6/22,2855.5849,2891.9685,2837.1444,2889.7603,12614312900,-59.78247825,-37.99867926,-43.567598
2018/6/25,2903.4495,2908.624,2857.8709,2859.3364,12191768700,-63.79712965,-43.15836934,-41.27752064
2018/6/26,2829.9947,2850.24,2803.7851,2844.5081,12591846800,-70.21909808,-48.57051508,-43.29716599
2018/6/27,2842.3958,2854.2579,2798.7997,2813.1775,12942083300,-74.84714345,-53.82584076,-42.04260538
2018/6/28,2799.9039,2825.9872,2782.4464,2786.8966,11835790700,-79.88162066,-59.03699674,-41.68924785
2018/6/29,2789.8111,2848.3721,2782.3811,2847.4181,12567168500,-81.46485898,-63.52256919,-35.8845796
2018/7/2,2841.5795,2845.6801,2756.815,2775.557,13703503400,-82.74117438,-67.36629022,-30.74976831
2018/7/3,2774.5701,2786.8878,2722.4485,2786.8878,14249846600,-85.76648445,-71.04632907,-29.44031076
2018/7/4,2776.6324,2793.179,2754.1552,2759.126,12326218100,-86.91407856,-74.21987897,-25.38839918
2018/7/5,2755.3394,2777.5227,2727.9399,2733.8819,12922611200,-88.58585339,-77.09307385,-22.98555908
2018/7/6,2731.3532,2768.8737,2691.0208,2747.2285,13629438000,-90.00707437,-79.67587396,-20.66240083
2018/7/9,2752.4466,2815.79,2752.4466,2815.1095,12154930900,-86.15975806,-80.97265078,-10.37421456
2018/7/10,2819.7121,2828.4926,2800.6251,2827.6252,11706274800,-79.35837025,-80.64979467,2.582848839
2018/7/11,2780.7043,2794.3596,2752.435,2777.7711,12682114900,-76.53922459,-79.82768066,6.57691213
2018/7/12,2771.0408,2844.1932,2771.0408,2837.6586,14698020000,-71.09174381,-78.08049329,13.97749896
2018/7/13,2831.4284,2835.4627,2818.8484,2831.1837,11768934800,-64.15911477,-75.29621758,22.27420562
2018/7/16,2827.0823,2837.5092,2804.4929,2814.0418,10776715100,-58.67042405,-71.97105888,26.60126965
2018/7/17,2806.8853,2806.9194,2774.7624,2798.1259,10540922000,-55.6247282,-68.70179274,26.15412909
2018/7/18,2801.7774,2818.3953,2786.0404,2787.257,12096116500,-52.46944337,-65.45532287,25.97175899
2018/7/19,2791.0156,2805.0106,2764.4858,2772.5454,11448649300,-50.60422343,-62.48510298,23.7617591
2018/7/20,2769.7537,2837.8623,2753.8397,2829.2712,14590768800,-47.41607848,-59.47129808,24.1104392
2018/7/23,2815.2008,2863.5711,2809.6163,2859.5424,17338279700,-41.24277342,-55.82559315,29.16563945
2018/7/24,2862.267,2911.4646,2862.267,2905.5618,22957830700,-32.07457233,-51.07538898,38.00163332
2018/7/25,2911.4529,2912.3134,2894.039,2903.6467,16780020700,-22.93270683,-45.44685255,45.02829145
2018/7/26,2905.7941,2915.2974,2875.7006,2882.2254,16842820200,-16.35520728,-39.6285235,46.54663243
2018/7/27,2879.6901,2889.6936,2864.1098,2873.5938,14637161000,-12.45001696,-34.19282219,43.48561046
2018/7/30,2871.9397,2896.0109,2850.296,2869.0495,15165224900,-9.64321067,-29.28289989,39.27937843
2018/7/31,2866.8985,2884.6799,2854.3197,2876.4009,11893111700,-7.433909041,-24.91310172,34.95838535
2018/8/1,2882.5061,2897.3997,2823.9293,2824.5337,14951434800,-6.693788859,-21.26923915,29.15090057
2018/8/2,2815.3438,2815.3438,2726.4825,2768.0239,17417900300,-12.08386121,-19.43216356,14.6966047
2018/8/3,2763.3957,2777.6572,2740.4317,2740.4429,12700636300,-18.22859041,-19.19144893,1.925717033
2018/8/6,2736.5256,2760.4744,2692.3216,2705.1565,12975305800,-25.37682964,-20.42852507,-9.896609142
2018/8/7,2711.7361,2779.374,2696.0391,2779.374,14957974300,-29.25131047,-22.19308215,-14.11645663
2018/8/8,2771.1286,2779.9124,2741.067,2744.0696,14768871500,-30.56440501,-23.86734672,-13.39411658
2018/8/9,2729.5787,2801.6592,2726.2153,2794.3818,15166033300,-30.93261464,-25.28040031,-11.30442867
2018/8/10,2791.4018,2806.1149,2777.5061,2795.3099,12153223200,-28.50538755,-25.92539775,-5.159979581
2018/8/13,2769.0166,2789.7983,2742.5599,2785.872,12753224100,-27.93584993,-26.32748819,-3.216723487
2018/8/14,2780.7357,2789.4437,2766.5693,2780.9646,10957107700,-26.56367973,-26.3747265,-0.377906458
2018/8/15,2777.2493,2777.7032,2721.2404,2723.2576,11616178700,-27.54441498,-26.60866419,-1.871501572
2018/8/16,2691.426,2732.9489,2672.7407,2705.1917,12027787800,-31.9305316,-27.67303768,-8.514987855
2018/8/17,2723.8871,2730.3326,2665.5918,2668.966,11244529400,-35.27289213,-29.19300857,-12.15976713
2018/8/20,2673.0662,2698.4658,2653.1119,2698.4658,11078416400,-38.79919463,-31.11424578,-15.3698977
2018/8/21,2700.3416,2739.1732,2696.2923,2733.8264,11358683900,-38.19768411,-32.53093345,-11.33350133
2018/8/22,2731.9576,2731.9576,2709.0615,2714.6082,9366464000,-36.93310881,-33.41136852,-7.04348059
2018/8/23,2714.867,2736.0101,2700.8042,2724.6244,9844647000,-35.74639587,-33.87837399,-3.736043769
2018/8/24,2717.0812,2748.8243,2705.3237,2729.4308,10051626900,-33.9235704,-33.88741327,-0.072314255
2018/8/27,2736.3185,2780.899,2736.3185,2780.899,13276257800,-29.44095989,-32.9981226,7.114325404
2018/8/28,2782.2927,2791.3898,2769.4013,2777.9808,11874936700,-23.86577776,-31.17165363,14.61175174
2018/8/29,2774.8646,2778.5393,2762.35,2769.2947,10015692900,-19.9440507,-28.92613304,17.96416468
2018/8/30,2769.3322,2780.5271,2736.346,2737.7367,10606094300,-17.86284004,-26.71347444,17.70126881
2018/8/31,2730.1132,2744.6311,2710.5368,2725.2499,10975874200,-18.29045459,-25.02887047,13.47683177
2018/9/3,2716.4037,2722.8524,2692.3644,2720.7344,10221301100,-19.57724912,-23.9385462,8.722594157
2018/9/4,2720.6477,2756.6071,2712.376,2750.5804,10901030700,-18.61019898,-22.87287676,8.525355548
2018/9/5,2741.3801,2745.4673,2704.3368,2704.3368,10500226900,-18.53171413,-22.00464423,6.945860206
2018/9/6,2697.5777,2719.4055,2683.7445,2691.5929,9901783300,-20.31716316,-21.66714802,2.699969722
2018/9/7,2696.6775,2728.5464,2683.7193,2702.3007,10752329300,-21.10709686,-21.55513779,0.896081853
2018/9/10,2698.0107,2703.4285,2667.3168,2669.4845,10355917000,-22.94136233,-21.83238269,-2.217959273
2018/9/11,2668.4872,2680.5727,2652.7044,2664.7997,9986594600,-25.54647075,-22.57520031,-5.942540892
2018/9/12,2659.744,2672.0735,2647.1701,2656.1101,9002675800,-27.92391529,-23.6449433,-8.557943973
2018/9/13,2679.2077,2689.0624,2653.1894,2686.5784,10733501400,-28.01371639,-24.51869792,-6.990036941
2018/9/14,2688.7787,2694.9201,2675.2896,2681.6431,10000500800,-27.11481393,-25.03792112,-4.15378562
2018/9/17,2671.2907,2671.2907,2647.9153,2651.7886,8823888800,-28.06286513,-25.64290992,-4.839910404
2018/9/18,2644.2961,2700.1934,2644.2961,2699.9501,11576799300,-27.55947429,-26.0262228,-3.066502989
2018/9/19,2694.7992,2746.0796,2690.9942,2730.8503,14155031800,-23.3811735,-25.49721294,4.232078869
2018/9/20,2732.1697,2743.9645,2724.0835,2729.2438,11138746300,-18.51016265,-24.09980288,11.17928047
2018/9/21,2733.8742,2797.4851,2722.0319,2797.4848,15801664200,-12.06152978,-21.69214826,19.26123696
2018/9/25,2775.0663,2790.0321,2771.1595,2781.1385,11198317900,-5.545111099,-18.46274083,25.83525946
2018/9/26,2785.3165,2827.3413,2783.3419,2806.8133,13956770600,1.32700224,-14.50479221,31.66358891
2018/9/27,2805.793,2810.5062,2786.3217,2791.7748,12399769600,6.528147708,-10.29820423,33.65270388
2018/9/28,2794.2644,2821.7553,2791.8363,2821.3501,13429045600,11.22294888,-5.993973607,34.43384498
2018/10/8,2768.2075,2771.9384,2710.1781,2716.5104,14950138800,9.540831015,-2.887012683,24.8556874
2018/10/9,2713.7319,2734.3142,2711.1971,2721.013,11677189900,6.387574211,-1.032095304,14.83933903
2018/10/10,2723.7242,2743.548,2703.0626,2725.8367,11348573600,4.161680143,0.006659786,8.310040716
2018/10/11,2643.074,2661.2859,2560.3164,2583.4575,19715070200,-6.564905296,-1.307653231,-10.51450413
2018/10/12,2574.0415,2615.9169,2536.6653,2606.9125,17008163500,-17.17953371,-4.482029327,-25.39500877
2018/10/15,2605.9124,2611.9685,2564.7375,2568.0984,11857619700,-24.95742682,-8.577108826,-32.76063599
2018/10/16,2567.7643,2597.7152,2536.441,2546.3296,11941914400,-32.81029804,-13.42374667,-38.77310274
2018/10/17,2574.3127,2582.5485,2517.5728,2561.614,12995399700,-38.83227266,-18.50545187,-40.65364158
2018/10/18,2544.911,2544.911,2485.6192,2486.4186,12542851300,-46.58164967,-24.12069143,-44.92191648
2018/10/19,2460.0808,2553.3867,2449.197,2550.4652,14732355800,-53.09407924,-29.91536899,-46.3574205
2018/10/22,2565.6444,2675.4063,2565.6444,2654.8762,21188844900,-48.64806959,-33.66190911,-29.97232097
2018/10/23,2652.6476,2659.8123,2583.2605,2594.8255,17834354300,-44.03249372,-35.73602603,-16.59293538
2018/10/24,2579.9715,2640.4017,2577.7725,2603.2951,16006040700,-41.69153179,-36.92712718,-9.528809207
2018/10/25,2540.9347,2606.1007,2531.5349,2603.7995,16203297900,-41.75696295,-37.89309434,-7.727737237
2018/10/26,2610.8982,2626.116,2580.8452,2598.8468,15893611900,-38.65329036,-38.04513354,-1.216313641
2018/10/29,2593.5908,2595.5365,2529.1883,2542.1033,13424192300,-38.89798545,-38.21570392,-1.364563052
2018/10/30,2538.5737,2586.9188,2521.7836,2568.0481,16668230900,-39.54574074,-38.48171129,-2.128058907
2018/10/31,2573.0146,2612.9221,2567.0274,2602.7832,18055034800,-36.80211693,-38.14579241,2.687350974
2018/11/1,2617.0325,2636.7992,2603.6514,2606.2372,20090393200,-32.07984908,-36.93260375,9.705509342
2018/11/2,2649.2512,2676.4762,2628.8697,2676.4762,22502692100,-24.67696003,-34.481475,19.60902995
2018/11/5,2665.427,2673.1879,2639.2707,2665.4306,19376010000,-18.35159642,-31.25549929,25.80780574
2018/11/6,2660.7193,2660.8627,2635.3207,2659.3564,16366947900,-13.72629249,-27.74965793,28.04673088
2018/11/7,2659.8446,2675.6772,2639.2463,2641.342,17320198600,-9.949025391,-24.18953142,28.48101206
2018/11/8,2660.0873,2662.3688,2632.3012,2635.6322,15963548700,-7.389195326,-20.8294642,26.88053775
2018/11/9,2621.238,2621.238,2598.1609,2598.8715,15244630700,-8.308447893,-18.32526094,20.03362609
2018/11/12,2593.2004,2631.1696,2590.2106,2630.5195,17503130800,-8.822461466,-16.42470104,15.20447916
2018/11/13,2600.5004,2666.4853,2597.3477,2654.8795,24928244700,-7.646604733,-14.66908178,14.0449541
2018/11/14,2648.3091,2658.3072,2627.9565,2632.2425,23844935100,-5.688873051,-12.87304004,14.36833397
2018/11/15,2632.1379,2668.1704,2631.8875,2668.1704,20784872100,-3.421100958,-10.98265222,15.12310253
2018/11/16,2669.7799,2695.5689,2657.0341,2679.1097,24219884900,0.411396278,-8.703842521,18.2304776
2018/11/19,2681.8988,2703.5116,2674.1781,2703.5116,23166282700,4.638016376,-6.035470741,21.34697423
2018/11/20,2684.2874,2690.8299,2643.3588,2645.8545,21589130900,5.926853873,-3.643005818,19.13971938
2018/11/21,2619.8211,2653.796,2617.7759,2651.5053,18259644700,4.447357567,-2.024933141,12.94458142
2018/11/22,2655.8964,2658.0011,2634.4827,2645.4339,14930906300,4.252940716,-0.76935837,10.04459817
2018/11/23,2640.6674,2642.0356,2577.3511,2579.4831,19147454900,0.975405967,-0.420405503,2.791622939
2018/11/26,2580.8424,2594.9966,2568.0352,2575.8101,13431454000,-3.993807651,-1.135085932,-5.717443437
2018/11/27,2585.8261,2592.5353,2566.1663,2574.6792,12365843600,-7.851073504,-2.478283447,-10.74558011
2018/11/28,2575.4541,2601.9626,2561.5618,2601.7365,14596347300,-10.3547405,-4.053574857,-12.60233128
2018/11/29,2613.7805,2617.5479,2567.4434,2567.4434,15716873800,-11.68974922,-5.58080973,-12.21787898
2018/11/30,2564.5644,2590.2102,2555.3223,2588.1875,13932902100,-13.95722501,-7.256092786,-13.40226445
2018/12/3,2647.1319,2665.298,2629.1843,2654.798,20747895500,-9.629112025,-7.730696634,-3.796830782
2018/12/4,2651.5613,2666.0784,2644.8964,2665.9577,16794055800,-5.488602854,-7.282277878,3.587350049
2018/12/5,2629.8328,2660.3888,2625.9132,2649.8051,15450205600,-3.429579681,-6.511738239,6.164317115
2018/12/6,2629.8196,2633.6778,2603.1323,2605.1813,14166165000,-3.654515888,-5.940293769,4.57155576
2018/12/7,2609.3408,2614.5817,2599.2775,2605.8876,10907499300,-4.641134673,-5.680461949,2.078654553
2018/12/10,2589.194,2599.7615,2576.2424,2584.5822,11319966900,-6.942867229,-5.932943005,-2.019848447
2018/12/11,2587.0148,2596.1464,2583.1959,2594.0881,10130436400,-8.454403651,-6.437235134,-4.034337032
2018/12/12,2608.1141,2610.0086,2595.075,2602.1526,10351830100,-8.447335848,-6.839255277,-3.216161142
2018/12/13,2607.144,2645.8367,2599.4586,2634.0491,15073811500,-6.926823914,-6.856769004,-0.140109818
2018/12/14,2627.2833,2629.1641,2593.7407,2593.7407,14594248800,-6.505368422,-6.786488888,0.562240933
2018/12/17,2587.2632,2598.967,2573.8674,2597.9737,11736325000,-7.813290832,-6.991849277,-1.64288311
2018/12/18,2583.6343,2599.1479,2563.5731,2576.6495,11703337000,-9.448307924,-7.483141006,-3.930333836
2018/12/19,2578.675,2579.8743,2547.0783,2549.5634,10766179700,-11.97404316,-8.381321438,-7.185443451
2018/12/20,2544.5054,2554.8586,2516.0193,2536.2675,12056649600,-15.8813435,-9.88132585,-12.0000353
2018/12/21,2526.5535,2527.4214,2498.6937,2516.2506,11567120000,-20.41155267,-11.98737121,-16.84836291
2018/12/24,2506.7372,2529.4395,2500.443,2527.0071,9733985200,-23.833798,-14.35665657,-18.95428286
2018/12/25,2503.9498,2513.9641,2462.8448,2504.819,14067056000,-27.79996886,-17.04531903,-21.50929967
2018/12/26,2501.1199,2513.8264,2492.0758,2498.2939,10879962900,-30.19691762,-19.67563875,-21.04255774
2018/12/27,2527.7167,2532.0022,2483.0864,2483.0864,13540684300,-31.32040291,-22.00459158,-18.63162266
2018/12/28,2483.6171,2505.1138,2478.325,2493.8962,11924525000,-33.1387905,-24.23143136,-17.81471827
2019/1/2,2497.8805,2500.2783,2456.4233,2465.291,10993201300,-35.00504242,-26.38615357,-17.23777769
2019/1/3,2461.7829,2488.479,2455.9256,2464.3628,12439749700,-37.05193333,-28.51930952,-17.0652476
2019/1/4,2446.0193,2515.316,2440.9066,2514.8682,16887766700,-37.30483551,-30.27641472,-14.05684158
2019/1/7,2528.6987,2536.9775,2515.5083,2533.0887,17730501000,-33.14582428,-30.85029663,-4.591055294
2019/1/8,2530.3001,2531.345,2520.1648,2526.4622,15809918100,-29.62928956,-30.60609522,1.95361131
2019/1/9,2536.4173,2574.4079,2536.157,2544.3449,19188793000,-24.88014653,-29.46090548,9.161517903
2019/1/10,2543.8534,2551.8257,2531.6638,2535.0985,15987432600,-21.45184163,-27.85909271,12.81450217
2019/1/11,2539.5487,2554.7869,2533.3586,2553.8313,14944410000,-18.14078774,-25.91543172,15.54928795
2019/1/14,2553.3284,2556.2939,2533.0101,2535.7653,14482546400,-15.40230236,-23.81280584,16.82100698
2019/1/15,2537.3697,2571.5016,2532.4333,2570.3449,16026553000,-12.41809925,-21.53386453,18.23153055
2019/1/16,2569.0697,2574.2362,2563.0061,2570.4221,14930153900,-8.640548106,-18.95520124,20.62930627
2019/1/17,2573.5755,2582.556,2557.7114,2559.637,16246813400,-5.647359056,-16.2936328,21.2925475
2019/1/18,2567.7386,2598.8836,2565.9043,2596.0056,19076723700,-2.140003429,-13.46290693,22.645807
2019/1/21,2599.0575,2618.9801,2599.0575,2610.5094,16342511500,2.608115122,-10.24870252,25.71363528
2019/1/22,2609.6421,2609.6421,2573.0617,2579.7041,15253777300,5.190504412,-7.160861133,24.70273109
2019/1/23,2575.2583,2589.5128,2572.4054,2581.0041,13142679800,6.080274318,-4.512634043,21.18581672
2019/1/24,2584.6481,2597.2894,2569.7004,2591.6935,15404204600,7.209679523,-2.168171329,18.75570171
2019/1/25,2596.2618,2617.0022,2595.6294,2601.7234,15939402600,9.354253635,0.136313664,18.43587994
2019/1/28,2615.7118,2630.3183,2591.1,2596.9767,14698176500,11.39633588,2.388318106,18.01603554
2019/1/29,2592.3549,2601.7358,2559.982,2594.2536,15558111200,11.15566286,4.141787057,14.02775161
2019/1/30,2584.7459,2598.815,2575.4091,2575.5756,12050257100,10.56514255,5.426458156,10.27736879
2019/1/31,2581.3315,2606.6283,2571.5789,2584.5724,15430386900,10.17284866,6.375736256,7.594224801
2019/2/1,2597.7777,2618.4765,2590.5543,2618.2323,13198685000,11.36354861,7.373298727,7.980499772
2019/2/11,2613.1742,2654.0964,2613.1742,2653.896,15489885800,14.34670615,8.767980211,11.15745187
2019/2/12,2654.0349,2674.4778,2648.8295,2671.8937,18410117900,18.81179787,10.77674374,16.07010826
2019/2/13,2674.5198,2727.075,2666.522,2721.0683,24379401000,24.88671934,13.59873886,22.57596095
2019/2/14,2715.5358,2729.455,2707.4865,2719.6999,19703734900,31.01777696,17.08254648,27.87046096
2019/2/15,2712.7862,2715.6321,2679.7849,2682.385,19600426500,33.84070214,20.43417761,26.81304905
2019/2/18,2699.8171,2754.3566,2699.8171,2754.3566,26043600700,38.0152207,23.95038623,28.12966894
2019/2/19,2759.496,2780.7837,2737.5864,2755.6459,28804627100,43.34879313,27.83006761,31.03745104
2019/2/20,2761.0588,2767.4109,2739.9783,2761.2189,24597252700,46.95683172,31.65542043,30.60282258
2019/2/21,2759.9383,2794.0131,2744.9762,2751.8012,29864996900,49.66855989,35.25804832,28.82102312
2019/2/22,2749.4615,2804.2262,2736.3324,2804.2262,30148141100,52.09498013,38.62543468,26.93909089
2019/2/25,2838.3896,2961.7951,2838.3896,2961.2834,52865859000,63.48576488,43.59750072,39.77652831
2019/2/26,2969.0976,2995.6762,2938.6227,2941.5163,56555796700,76.57382313,50.1927652,52.76211585
2019/2/27,2939.9287,2997.4882,2924.6432,2953.8242,47497645300,85.3764477,57.2295017,56.293892
2019/2/28,2950.0548,2965.3037,2930.195,2940.9538,35020660200,90.71427382,63.92645613,53.57563539
2019/3/1,2954.4021,2994.005,2930.8345,2994.005,34578620000,95.59239402,70.25964371,50.66550062
2019/3/4,3015.9427,3090.7959,3006.9417,3027.5755,52564943600,103.6698239,76.94167974,53.45628825
2019/3/5,3019.8797,3054.9617,3009.4476,3054.2466,42414252900,108.762623,83.3058684,50.91350929
2019/3/6,3060.4327,3103.8251,3050.1113,3102.0991,55500636500,115.0617612,89.65704695,50.80942844
2019/3/7,3103.6677,3129.9395,3074.9784,3106.4179,58381706500,120.6508297,95.8558035,49.59005234
2019/3/8,3038.3362,3075.0461,2969.5815,2969.8614,57785547300,116.4318622,99.97101524,32.92169391
2019/3/11,2969.0802,3028.2543,2963.5834,3026.9925,42621302900,110.5049474,102.0778017,16.85429141
2019/3/12,3049.0844,3093.3913,3029.8999,3060.3073,51117315800,109.4835403,103.5589494,11.84918188
2019/3/13,3062.3267,3065.2884,3013.9319,3026.9513,45321462500,106.1555822,104.078276,4.154612539
2019/3/14,3013.597,3041.1557,2968.8237,2990.685,37314179800,99.26250785,103.1151223,-7.705228976
2019/3/15,3000.8789,3048.1212,2999.4317,3021.7512,34120613900,93.84599992,101.2612979,-14.83059588
2019/3/18,3027.8012,3096.4176,3009.5071,3096.4176,39779717900,91.72292247,99.35362278,-15.26140061
2019/3/19,3099.8971,3113.4325,3076.3627,3090.975,35090886000,92.01616639,97.8861315,-11.73993023
2019/3/20,3084.1704,3102.5203,3053.4519,3090.6403,35855750500,90.20245303,96.34939581,-12.29388556
2019/3/21,3094.1247,3125.0192,3086.85,3101.455,41425118200,89.28245592,94.93600783,-11.30710383
2019/3/22,3100.7264,3107.2754,3064.884,3104.1487,36484834600,86.93764159,93.33633458,-12.79738599
2019/3/25,3058.8016,3086.9961,3041.9504,3043.0313,38027876200,81.19302561,90.90767279,-19.42929435
2019/3/26,3057.559,3062.6896,2988.4905,2997.0954,35349802100,73.27520284,87.3811788,-28.21195192
2019/3/27,3012.2573,3022.7623,2987.7717,3022.7196,29139035700,65.03370063,82.91168316,-35.75596507
2019/3/28,3009.7988,3025.7789,2991.7789,2994.9434,28810642500,57.37266299,77.80387913,-40.86243227
2019/3/29,3000.6783,3093.0329,2999.9866,3090.758,37508299100,53.95048236,73.03319977,-38.16543483
2019/4/1,3111.6619,3176.6221,3111.6619,3170.361,46612469300,58.34950258,70.09646034,-23.49391551
2019/4/2,3183.2736,3193.2717,3164.9066,3176.8227,44706898100,64.08199959,68.89356819,-9.623137198
2019/4/3,3159.1468,3219.2564,3152.3319,3216.2952,43054863500,68.41646847,68.79814824,-0.763359541
2019/4/4,3233.6886,3254.1401,3216.8545,3246.5714,46911766900,75.10559431,70.05963746,10.09191371
2019/4/8,3271.2722,3288.4531,3210.5151,3244.8103,50451840300,80.76274511,72.20025899,17.12497224
2019/4/9,3240.3938,3251.6458,3215.7048,3239.6639,36416999700,82.92561886,74.34533096,17.1605758
2019/4/10,3224.6454,3264.7778,3204.8785,3241.9299,38013440800,83.45225962,76.16671669,14.57108586
2019/4/11,3241.5474,3254.1259,3185.546,3189.9619,35303187900,81.61654558,77.25668247,8.719726216
2019/4/12,3184.8595,3199.278,3168.0421,3188.6256,28978899600,76.64811383,77.13496874,-0.973709827
2019/4/15,3233.4583,3253.9763,3177.2698,3177.7866,34880978500,73.90990703,76.4899564,-5.160098741
2019/4/16,3164.3969,3253.5978,3153.2062,3253.5978,35791875200,70.56947228,75.30585957,-9.472774596
2019/4/17,3250.1518,3275.3335,3239.8048,3263.1179,35754179600,71.20869636,74.48642693,-6.555461139
2019/4/18,3261.0742,3271.3878,3241.8257,3250.2012,32553994200,70.81985915,73.75311338,-5.866508453
2019/4/19,3250.1452,3274.3347,3226.8124,3270.7973,31519800400,69.6603014,72.93455098,-6.548499162
2019/4/22,3278.4906,3279.4894,3206.878,3215.0426,35321738700,67.11659033,71.77095885,-9.308737047
2019/4/23,3211.8719,3231.5815,3186.7569,3198.5938,32836120700,61.34547236,69.68586155,-16.68077839
2019/4/24,3203.5588,3210.6508,3156.607,3201.6137,27487216400,55.00058367,66.74880597,-23.49644461
2019/4/25,3190.5851,3193.7494,3123.0258,3123.8261,32587912900,46.58589984,62.71622475,-32.26064982
2019/4/26,3108.1635,3129.2134,3085.8049,3086.3989,28087385400,35.04281849,57.1815435,-44.27745001
2019/4/29,3090.6331,3107.7605,3050.0261,3062.4985,29211488600,23.63211722,50.47165824,-53.67908204
2019/4/30,3052.6223,3088.4074,3052.6223,3078.3389,22230251700,13.64646931,43.10662046,-58.92030229
2019/5/6,2984.7273,2986.5399,2876.4688,2906.464,32697226900,-4.658873574,33.55352165,-76.42479045
2019/5/7,2914.2914,2937.2832,2889.0732,2926.3908,25328176900,-20.6858354,22.70565024,-86.78297127
2019/5/8,2873.1433,2929.4306,2866.7041,2893.7567,23153051900,-35.0809877,11.14832265,-92.45862071
2019/5/9,2871.1968,2888.8596,2845.0374,2850.9537,20004113300,-48.09310546,-0.699962971,-94.78628498
2019/5/10,2878.2344,2941.4539,2838.3847,2939.2106,28230680800,-54.92304068,-11.54457851,-86.75692433
2019/5/13,2905.067,2921.4103,2892.1745,2903.7131,21202988200,-59.14802906,-21.06526862,-76.16552088
2019/5/14,2872.8336,2909.2041,2872.8336,2883.6107,20834535300,-63.45703188,-29.54362127,-67.82682121
2019/5/15,2902.6423,2945.3946,2902.6423,2938.6781,23051970100,-63.10096506,-36.25509003,-53.69175006
2019/5/16,2933.4954,2956.171,2929.0645,2955.711,24838570100,-60.40605214,-41.08528245,-38.64153938
2019/5/17,2955.7669,2956.7832,2873.7998,2882.2962,26630164300,-59.71615282,-44.81145653,-29.80939259
2019/5/20,2874.8011,2882.6294,2838.453,2870.6046,20947244200,-62.52674848,-48.35451492,-28.34446712
2019/5/21,2867.7066,2919.2373,2862.4951,2905.9688,21138702200,-62.24289923,-51.13219178,-22.22141489
2019/5/22,2905.5241,2912.3952,2879.6437,2891.7046,20002690500,-60.63592275,-53.03293797,-15.20596956
2019/5/23,2880.8426,2885.1389,2846.956,2852.5153,19734030900,-61.15512896,-54.65737617,-12.99550558
2019/5/24,2847.8356,2871.8555,2846.0215,2852.9948,16720549000,-61.79723435,-56.08534781,-11.42377309
2019/5/27,2851.2809,2898.129,2833.0363,2892.3782,19672090200,-60.47692394,-56.96366303,-7.026521805
2019/5/28,2890.2658,2924.0395,2887.0835,2909.9106,22331055700,-56.03157334,-56.77724509,1.491343513
2019/5/29,2894.8297,2934.9768,2890.6645,2914.6964,19895882100,-51.43421235,-55.70863855,8.548852395
2019/5/30,2903.4246,2907.8463,2881.3802,2905.8054,20575878900,-47.97827268,-54.16256537,12.36858538
2019/5/31,2904.4976,2922.9075,2895.5778,2898.6961,19523058000,-44.26073993,-52.18220028,15.84292072
2019/6/3,2901.7424,2920.8292,2875.9019,2890.0809,21594355400,-41.5043517,-50.04663057,17.08455774
2019/6/4,2887.6405,2888.3861,2851.9728,2862.2803,18846354100,-40.83169851,-48.20364415,14.74389129
2019/6/5,2882.9369,2888.7676,2858.5719,2861.4181,18156104700,-39.81115714,-46.52514675,13.42797923
2019/6/6,2862.3327,2862.3327,2822.1853,2827.7978,17706441100,-40.89215,-45.3985474,9.012794805
2019/6/10,2833.0145,2861.131,2824.3554,2852.1302,16658591800,-41.35319341,-44.5894766,6.472566387
2019/6/11,2854.0704,2927.4303,2854.0704,2925.7162,26052579600,-37.44088789,-43.15975886,11.43774193
2019/6/12,2917.2239,2924.7018,2903.8833,2909.3796,24025577500,-32.07633898,-40.94307488,17.73347181
2019/6/13,2905.2877,2918.4227,2885.9232,2910.7406,21295779100,-28.20210677,-38.39488126,20.38554899
2019/6/14,2912.9988,2924.3197,2879.6573,2881.9743,21543579600,-25.27260937,-35.77042688,20.99563502
2019/6/17,2880.4226,2902.4808,2877.3941,2887.6221,15396496000,-23.70711444,-33.35776439,19.30129991
2019/6/18,2891.0917,2898.3304,2874.3129,2890.158,14770532000,-22.09129289,-31.10447009,18.02635441
2019/6/19,2944.1154,2953.3355,2916.2149,2917.8029,23075697300,-17.03218748,-28.29001357,22.51565218
2019/6/20,2917.331,2997.3888,2915.0895,2987.1186,29101153700,-11.17008738,-24.86602833,27.39188191
2019/6/21,2990.3687,3010.349,2989.2454,3001.9802,28697383500,-2.95964385,-20.48475144,35.05021517
2019/6/24,3004.2891,3012.826,2994.4219,3008.1479,21049389400,4.060019243,-15.5757973,39.27163309
2019/6/25,3004.9095,3004.9095,2948.9907,2982.0738,24369924400,7.941949367,-10.87224797,37.62839467
2019/6/26,2964.6153,2986.9139,2958.4632,2976.2837,17444953300,9.8038046,-6.737037453,33.08168411
2019/6/27,2982.6125,3011.538,2981.045,2996.7926,19539704900,12.86015494,-2.817598974,31.35550784
2019/6/28,2992.2426,2992.2426,2961.2225,2978.8784,18143152300,14.16283792,0.578488405,27.16869903
2019/7/1,3024.6238,3045.3669,3014.6871,3044.9028,25084043300,19.11026802,4.284844329,29.65084739
2019/7/2,3042.58,3048.4839,3033.7809,3043.9428,21452062400,23.55058485,8.137992434,30.82518484
2019/7/3,3031.832,3031.832,3006.3246,3015.2633,21229617300,25.09512869,11.52941969,27.13141802
2019/7/4,3015.6785,3024.5023,2991.9079,3005.2488,19441513300,25.06369918,14.23627559,21.6548472
2019/7/5,3004.7383,3014.8474,2990.9247,3011.0588,15675542900,24.4389812,16.27681671,16.32432898
2019/7/8,2997.8067,2997.8067,2918.7157,2933.3634,21154126800,20.20339638,17.06213264,6.282527482
2019/7/9,2928.8188,2937.7621,2912.8063,2928.2295,14511060400,13.86114564,16.42193524,-5.121579199
2019/7/10,2935.1855,2936.7519,2908.162,2915.3022,13548353800,8.49057802,14.8356638,-12.69017156
2019/7/11,2928.0553,2945.8023,2907.8852,2917.7609,14369252200,4.267917881,12.72211462,-16.90839347
2019/7/12,2915.3401,2938.5311,2905.809,2930.5462,13779475900,0.7259113,10.32287395,-19.1939253
2019/7/15,2921.546,2955.0003,2886.6993,2942.1853,16764339700,-1.754213927,7.907456377,-19.32334061
2019/7/16,2938.6411,2944.821,2931.2926,2937.6168,13181175100,-2.741203619,5.777724377,-17.03785599
2019/7/17,2933.0227,2942.0668,2924.4594,2931.6926,14963161600,-3.904643365,3.841250829,-15.49178839
2019/7/18,2921.7387,2921.7387,2901.1766,2901.1766,14988882800,-6.475024153,1.777995833,-16.50603997
2019/7/19,2909.6794,2939.5973,2909.6794,2924.2006,14946955300,-7.670670649,-0.111737464,-15.11786637
2019/7/22,2925.7882,2927.1601,2879.69,2886.974,18067496000,-9.787282911,-2.046846553,-15.48087272
2019/7/23,2886.9044,2901.3591,2883.0457,2899.9446,12931050800,-12.2984759,-4.097172423,-16.40260696
2019/7/24,2907.9275,2936.4522,2907.7865,2923.2775,15524576200,-12.04791997,-5.687321933,-12.72119608
2019/7/25,2923.1886,2937.3601,2916.1498,2937.3601,14568438500,-10.94421952,-6.73870145,-8.411036137
2019/7/26,2928.0614,2948.3261,2924.4513,2944.541,13934338800,-9.330137173,-7.256988595,-4.146297155
2019/7/29,2943.918,2948.4665,2932.9773,2941.007,12799184600,-7.540632347,-7.313717345,-0.453830003
2019/7/30,2946.2566,2965.632,2946.2566,2952.3383,14831646200,-5.172885177,-6.885550912,3.425331469
2019/7/31,2944.3977,2944.3977,2926.4853,2932.5058,14105234800,-4.509229871,-6.410286704,3.802113664
2019/8/1,2920.8506,2927.3421,2901.7503,2908.766,14238981300,-5.714359135,-6.27110119,1.11348411
2019/8/2,2861.3323,2872.473,2851.4402,2867.8376,18488844300,-10.69422925,-7.155726802,-7.077004898
2019/8/5,2854.578,2863.6891,2821.4957,2821.4957,16741942300,-16.30522516,-8.985626474,-14.63919738
2019/8/6,2776.9889,2787.4185,2733.9242,2777.5559,23112372700,-26.20664959,-12.4298311,-27.55363699
2019/8/7,2789.0187,2792.6934,2768.6795,2768.6795,15771675200,-32.80431318,-16.50472752,-32.59917134
2019/8/8,2784.1835,2799.6859,2782.2447,2794.5523,14953956400,-36.77004861,-20.55779173,-32.42451375
2019/8/9,2805.5856,2808.3289,2770.4777,2774.7532,14824029300,-39.48840772,-24.34391493,-30.28898558
2019/8/12,2781.9816,2814.9944,2776.6197,2814.9944,13156343300,-40.58094967,-27.59132188,-25.97925558
2019/8/13,2798.0512,2802.0415,2790.608,2797.2596,13091650500,-40.98702898,-30.2704633,-21.43313136
2019/8/14,2824.4864,2829.8906,2807.719,2808.9146,14401464100,-39.18181984,-32.05273461,-14.25817047
2019/8/15,2762.339,2815.8964,2756.8341,2815.7976,15277215200,-39.71698996,-33.58558568,-12.26280856
2019/8/16,2817.5708,2840.3164,2811.8016,2823.8238,14858234400,-36.83888546,-34.23624563,-5.205279646
2019/8/19,2835.5181,2883.096,2829.8542,2883.096,21454666800,-31.41097611,-33.67119173,4.520431231
2019/8/20,2879.0816,2892.0796,2874.9988,2880.0012,18967720600,-24.91383288,-31.91971996,14.01177415
2019/8/21,2875.4708,2885.5861,2872.5573,2880.3307,15901966500,-19.78319009,-29.49241399,19.41844779
2019/8/22,2887.6649,2888.4969,2867.5522,2883.4358,14920621500,-15.27466067,-26.64886332,22.74840531
2019/8/23,2885.151,2902.4563,2878.7443,2897.4253,15915682600,-10.83781185,-23.48665303,25.29768235
2019/8/26,2851.0158,2870.4939,2849.2381,2863.5673,16989536300,-9.819999682,-20.75332236,21.86664535
2019/8/27,2879.5154,2919.6444,2879.406,2902.1932,20814179400,-5.990126048,-17.8006831,23.6211141
2019/8/28,2901.6267,2905.4354,2887.0115,2893.7564,18309790300,-2.780232163,-14.79659291,24.03272149
2019/8/29,2895.9991,2898.6046,2878.5878,2890.9192,17861308200,-0.706708952,-11.97861612,22.54381433
2019/8/30,2907.3825,2914.5767,2874.1028,2886.2365,19395995100,1.288619591,-9.325168977,21.22757714
2019/9/2,2886.9418,2928.4793,2883.6823,2924.1063,20278680700,3.653118939,-6.729511393,20.76526067
2019/9/3,2925.9422,2930.1538,2915.1974,2930.1538,18900121600,7.024307956,-3.978747524,22.00611096
2019/9/4,2927.747,2957.4116,2925.8825,2957.4116,22549590700,10.92179584,-0.998638851,23.84086938
2019/9/5,2972.6619,3015.8443,2972.6619,2985.8648,30543870600,17.4123468,2.683558279,29.45757703
2019/9/6,2996.6216,2999.9434,2981.5983,2999.6013,21682603500,22.91198789,6.729244202,32.36548738
2019/9/9,3023.778,3026.2398,3005.6949,3024.7388,24337775200,29.00760513,11.18491639,35.64537749
2019/9/10,3027.4103,3027.4103,3005.3825,3021.2024,24001294700,33.47182826,15.64229876,35.659059
2019/9/11,3029.9334,3030.557,3004.2152,3008.8118,22983736200,36.43068111,19.79997523,33.26141175
2019/9/12,3016.6267,3033.473,3005.1948,3031.2351,19696870100,38.59320877,23.55862194,30.06917366
2019/9/16,3041.922,3042.9284,3020.0495,3030.7544,22187895900,40.82738304,27.01237416,27.63001777
2019/9/17,3023.7109,3023.7109,2970.5704,2978.1178,22333806100,39.3296004,29.47581941,19.70756199
2019/9/18,2984.0837,2996.4022,2982.4003,2985.6586,16804669900,36.75932967,30.93252146,11.65361642
2019/9/19,2992.9222,2999.2789,2975.3978,2999.2789,16269061500,34.69229044,31.68447526,6.015630365
2019/9/20,3004.8142,3011.34,2996.1929,3006.4467,18214530200,33.71282334,32.09014487,3.24535694
2019/9/23,2998.3995,2998.3995,2960.827,2977.0767,16813945000,30.88421239,31.84895838,-1.929491974
2019/9/24,2979.4752,3002.8967,2973.7601,2985.3406,16390276100,28.45111962,31.16939063,-5.436542008
2019/9/25,2977.6676,2977.6676,2955.4325,2955.4325,16854313500,24.7194621,29.87940492,-10.31988564
2019/9/26,2964.4776,2970.0354,2928.2589,2929.0875,18893254100,20.03151547,27.90982703,-15.75662312
2019/9/27,2929.486,2939.0789,2920.93,2932.167,13290577700,14.73039329,25.27394028,-21.08709398
2019/9/30,2927.9165,2936.482,2905.1892,2905.1892,11664681100,9.474196223,22.11399147,-25.2795905
2019/10/8,2905.7559,2933.0163,2905.7559,2913.5704,12553581200,4.915507391,18.67429466,-27.51757453
2019/10/9,2902.0751,2924.8566,2891.5394,2924.8566,13042414400,0.993293551,15.13809444,-28.28960177
2019/10/10,2923.7069,2949.2404,2918.2284,2947.7106,13423975200,-0.18525853,12.07342384,-24.51736474
2019/10/11,2954.8189,2980.7875,2943.0137,2973.6558,16120374600,1.154816717,9.889702417,-17.4697714
2019/10/14,2993.9617,3026.3834,2989.8125,3007.8834,20861480200,5.497429612,9.011247856,-7.027636488
2019/10/15,3005.6646,3005.6646,2986.3033,2991.0459,15537690400,8.251533964,8.859305078,-1.215542227
2019/10/16,2992.6103,3010.4241,2975.9233,2978.7124,14988549600,9.696874309,9.026818924,1.340110771
2019/10/17,2979.9929,2986.7191,2969.568,2977.3342,12252761400,9.840150086,9.189485156,1.301329859
2019/10/18,2982.3417,2987.2035,2933.2424,2938.1413,14999067800,8.390700337,9.029728193,-1.27805571
2019/10/21,2933.8969,2940.3246,2917.6884,2939.6179,13247510700,4.977682724,8.219319099,-6.483272749
2019/10/22,2945.6001,2954.6415,2934.3873,2954.3799,11748204800,3.393285076,7.254112294,-7.721654437
2019/10/23,2952.9693,2957.2995,2934.6274,2941.6188,12381288100,2.063544069,6.215998649,-8.304909161
2019/10/24,2944.0067,2953.0441,2927.0612,2940.9215,12654029000,0.569802037,5.086759327,-9.03391458
2019/10/25,2940.4741,2958.2409,2920.5195,2954.9327,13686070600,-0.424848582,3.984437745,-8.818572653
2019/10/28,2958.686,2980.128,2956.9607,2980.0498,17373148100,0.828061887,3.353162573,-5.050201374
2019/10/29,2979.0365,2979.0365,2954.176,2954.176,16611005800,1.612795879,3.005089234,-2.784586712
2019/10/30,2949.4631,2953.2986,2934.8279,2939.3209,15879811000,0.424047059,2.488880799,-4.129667481
2019/10/31,2944.8427,2946.7523,2923.5167,2929.0561,16157148300,-1.165129618,1.758078716,-5.846416668
2019/11/1,2924.3402,2959.833,2917.1455,2958.1992,15990737300,-2.090805879,0.988301797,-6.158215352
2019/11/4,2964.576,2983.0581,2964.576,2975.4919,16724836400,-0.235845903,0.743472257,-1.95863632
2019/11/5,2977.7048,3008.3144,2968.0324,2991.5622,17989159300,2.375094202,1.069796646,2.610595113
2019/11/6,2992.0399,2995.5629,2969.7242,2978.5955,16526354700,4.200362157,1.695909748,5.008904819
2019/11/7,2978.1531,2988.955,2969.1201,2978.7144,13695267800,5.16414546,2.38955689,5.549177138
2019/11/8,2993.9773,2998.7594,2962.8447,2964.1849,14974210700,5.956594822,3.102964477,5.70726069
2019/11/11,2949.9619,2949.9619,2906.769,2909.9746,15791610500,2.459172872,2.974206156,-1.030066568
2019/11/12,2912.9956,2918.303,2891.5105,2914.8232,12972915400,-1.885195869,2.002325751,-7.775043239
2019/11/13,2913.0197,2913.8612,2893.9712,2905.2409,12976584100,-5.497548348,0.502350931,-11.99979856
2019/11/14,2907.7358,2917.374,2899.6186,2909.8697,12914544800,-8.095471534,-1.217213562,-13.75651594
2019/11/15,2911.35,2917.8293,2891.2043,2891.3431,13551946300,-10.49475014,-3.072720877,-14.84405852
2019/11/18,2889.5495,2911.3784,2884.0883,2909.2002,12443317700,-12.60413679,-4.97900406,-15.25026546
2019/11/19,2904.2783,2933.9908,2902.855,2933.9908,13541760400,-12.49979287,-6.483161822,-12.03326209
2019/11/20,2928.1068,2930.4929,2907.4229,2911.0534,13735753000,-12.23648389,-7.633826236,-9.205315313
2019/11/21,2902.5529,2910.3608,2891.5314,2903.6379,12345860700,-13.26666935,-8.760394859,-9.012548984
2019/11/22,2906.2433,2925.0178,2873.99,2885.2884,15862336500,-14.27247797,-9.86281148,-8.819332971
2019/11/25,2885.6133,2906.6091,2880.6542,2906.1688,17858742900,-15.1270824,-10.91566566,-8.422833475
2019/11/26,2912.5209,2915.0411,2897.9276,2907.0602,17000466300,-14.55721656,-11.64397584,-5.826481437
2019/11/27,2905.3959,2914.4865,2893.4175,2903.1947,13386220500,-14.26503545,-12.16818776,-4.193695363
2019/11/28,2902.3644,2909.8398,2883.4339,2889.6934,11952246800,-14.49504043,-12.6335583,-3.722964272
2019/11/29,2885.9744,2892.3882,2858.5808,2871.9813,12261296800,-16.03384046,-13.31361473,-5.440451464
2019/12/2,2874.4484,2888.8897,2870.2424,2875.8072,12875580600,-17.04749758,-14.0603913,-5.97421255
2019/12/3,2869.8822,2884.8559,2857.3204,2884.6988,12377874200,-17.89928822,-14.82817068,-6.142235067
2019/12/4,2876.9079,2882.4981,2869.4219,2878.1157,12554365300,-18.15951948,-15.49444044,-5.330158076
2019/12/5,2886.5164,2902.002,2885.0798,2899.4685,14316309600,-16.83776398,-15.76310515,-2.149317662
2019/12/6,2902.278,2912.0136,2894.7513,2912.0136,13412887800,-14.65325567,-15.54113525,1.775759173
2019/12/9,2914.4576,2919.5888,2905.2503,2914.4775,16079652700,-12.12226789,-14.85736178,5.470187779
2019/12/10,2908.9439,2919.2011,2902.7896,2917.3157,17012399800,-10.11131801,-13.90815303,7.59367004
2019/12/11,2922.602,2928.2564,2915.0008,2924.4173,16554108700,-7.58242943,-12.64300831,10.12115775
2019/12/12,2926.3416,2926.3416,2913.4755,2915.6983,15176080400,-5.682607275,-11.2509281,11.13664165
2019/12/13,2937.7763,2969.9809,2935.849,2967.6764,21197858500,-1.548246245,-9.31039173,15.52429097
2019/12/16,2970.9694,2984.6414,2958.7064,2984.3925,21186211900,3.452129733,-6.757887437,20.42003434
2019/12/17,2985.2619,3039.3834,2982.4956,3022.4219,29303225400,9.940068694,-3.418296211,26.71672981
2019/12/18,3021.4657,3033.2337,3011.7207,3017.0444,24408969100,15.9848973,0.46234249,31.04510961
2019/12/19,3017.153,3021.4176,3007.992,3017.0658,20862426400,20.14311831,4.398497654,31.48924131
2019/12/20,3019.6395,3027.4835,3002.2601,3004.9376,21507575500,22.98580893,8.115959909,29.73969804
2019/12/23,2999.0357,3009.338,2960.435,2962.7513,20571661700,22.50282255,10.99333244,23.01898023
2019/12/24,2965.8258,2983.8194,2960.6839,2982.6806,16303025000,21.0991626,13.01449847,16.16932827
2019/12/25,2980.4276,2988.2924,2970.6572,2981.8805,17565402800,20.32233316,14.47606541,11.69253549
2019/12/26,2981.2485,3007.3546,2980.3966,3007.3546,18244042600,20.58090515,15.69703336,9.767743581
2019/12/27,3006.8517,3036.1127,3003.6309,3005.0355,24710277900,22.05019055,16.96766479,10.16505151
2019/12/30,2998.1689,3041.3969,2983.3436,3040.0239,24806653000,23.17546184,18.2092242,9.932475279
2019/12/31,3036.3858,3051.677,3030.5122,3050.124,21742902200,25.90226429,19.74783222,12.30886414
2020/1/2,3066.3357,3098.1001,3066.3357,3085.1976,29247020800,30.68047601,21.93436098,17.49223007
2020/1/3,3089.022,3093.8192,3074.5178,3083.7858,26149666700,34.57653362,24.46279551,20.22747623
2020/1/6,3070.9088,3107.2032,3065.3088,3083.4083,31257584200,36.94946755,26.96012992,19.97867526
2020/1/7,3085.4882,3105.4507,3084.329,3104.8015,27658311100,39.44929962,29.45796386,19.98267153
2020/1/8,3094.2389,3094.2389,3059.1313,3066.8925,29787255300,39.65067291,31.49650567,16.30833448
2020/1/9,3082.6398,3097.3291,3080.1313,3094.8819,24343564900,40.1638879,33.22998211,13.86781157
2020/1/10,3102.2938,3105.2248,3081.3961,3092.2907,21044246200,40.63124308,34.71023431,11.84201755
2020/1/13,3091.493,3115.5696,3075.3837,3115.5696,21062100400,40.86962258,35.94211196,9.855021241
2020/1/14,3120.6669,3127.1692,3105.6049,3106.8204,22997376900,41.83199971,37.12008951,9.423820398
2020/1/15,3103.1749,3107.9426,3082.0425,3090.0379,20231302300,40.57240202,37.81055201,5.523700016
2020/1/16,3095.7342,3096.3717,3070.884,3074.0814,20337547500,38.20327048,37.88909571,0.62834954
2020/1/17,3081.4641,3091.9516,3067.2525,3075.4955,19030429900,35.49478769,37.4102341,-3.830892821
2020/1/20,3082.1134,3096.3105,3070.4801,3095.7873,21049334100,33.53718451,36.63562419,-6.196879345
2020/1/21,3085.7895,3085.7895,3051.2301,3052.1419,23483073900,30.2304275,35.35458485,-10.2483147
2020/1/22,3038.4868,3069.2527,3006.2677,3060.7545,22385286500,25.29707995,33.34308387,-16.09200784
2020/1/23,3037.9524,3045.0406,2955.346,2976.5281,27276323400,17.95485461,30.26543802,-24.62116682
2020/2/3,2716.6978,2766.5773,2716.6978,2746.6056,21591210300,-9.307115729,22.35092727,-63.31608599
2020/2/4,2685.2693,2786.1642,2685.2693,2783.2875,36404620000,-30.6915339,11.74243503,-84.86793787
2020/2/5,2792.3713,2842.7426,2778.8641,2818.0878,30976182300,-41.2710791,1.139732208,-84.82162261
2020/2/6,2826.8851,2876.5878,2807.609,2866.5097,31639214200,-46.18734693,-8.325683621,-75.72332663
2020/2/7,2858.9324,2875.9636,2838.7702,2875.9636,30947964200,-48.07611294,-16.27576948,-63.60068691
2020/2/10,2860.499,2891.8479,2851.0503,2890.4878,29492978400,-48.1254571,-22.64570701,-50.95950018
2020/2/11,2894.5414,2913.8159,2882.2428,2901.6744,26916833500,-45.65349503,-27.24726461,-36.81246084
2020/2/12,2895.5561,2926.8991,2892.424,2926.8991,24873342900,-42.2092496,-30.23966161,-23.93917598
2020/2/13,2927.1443,2935.406,2901.2425,2906.0735,27480484400,-38.46959007,-31.8856473,-13.16788554
2020/2/14,2899.8659,2926.9427,2899.5739,2917.0077,25065062700,-35.6292709,-32.63437202,-5.989797758
2020/2/17,2924.9913,2983.6371,2924.9913,2983.6224,31319800700,-29.53078613,-32.01365484,4.965737434
2020/2/18,2981.4097,2990.6003,2960.7751,2984.9716,31166591300,-22.41167314,-30.0932585,15.36317072
2020/2/19,2979.5223,2998.2718,2971.8219,2975.4019,31514115100,-16.43380658,-27.36136812,21.85512308
2020/2/20,2981.8802,3031.3706,2968.4451,3030.1542,34573288100,-9.831316747,-23.85535784,28.04808219
2020/2/21,3022.2455,3058.898,3020.141,3039.6692,36455727600,-1.971672386,-19.47862075,35.01389673
2020/2/24,3027.8925,3042.1821,3007.3557,3031.2333,37043004400,3.56467573,-14.86996146,36.86927437
2020/2/25,2982.0696,3016.9458,2943.7168,3013.0501,44162276200,4.812732508,-10.93342266,31.49231034
2020/2/26,2978.4195,3028.7788,2974.9423,2987.9287,46904955200,6.020634741,-7.542611182,27.12649185
2020/2/27,2992.4919,3009.4575,2980.4774,2991.3288,35052365800,6.971901622,-4.639708621,23.22322049
2020/2/28,2924.6407,2948.1261,2878.5443,2880.3038,40121691400,0.814425514,-3.548881794,8.726614616
2020/3/2,2899.31,2982.5068,2899.31,2970.9312,36733336900,-1.617089962,-3.162523428,3.090866931
2020/3/3,3006.8888,3026.842,2976.623,2992.8968,41010804700,1.505843952,-2.228849952,7.469387808
2020/3/4,2981.806,3012.0035,2974.3583,3011.6657,35333827800,3.468418741,-1.089396213,9.115629908
2020/3/5,3036.1545,3074.2571,3022.9262,3071.6771,44542580600,9.457319572,1.019946944,16.87474526
2020/3/6,3039.9395,3052.4439,3029.4632,3034.5113,36206153300,13.0713351,3.430224575,19.28222105
2020/3/9,2987.1805,2989.2051,2940.7138,2943.2907,41456073600,9.851375926,4.714454845,10.27384216
2020/3/10,2918.9347,3000.2963,2904.7989,2996.7618,39329664800,6.426637816,5.056891439,2.739492753
2020/3/11,3001.7616,3010.0286,2968.5174,2968.5174,35247097000,6.223571059,5.290227363,1.866687392
2020/3/12,2936.0163,2944.4651,2906.2838,2923.4856,30777845700,1.235659258,4.479313742,-6.487308969
2020/3/13,2804.2322,2910.8812,2799.9841,2887.4265,36645043600,-8.823332145,1.818784565,-21.28423342
2020/3/16,2897.3009,2898.0349,2784.6616,2789.2537,35187866500,-17.26731963,-1.998436274,-30.53776671
2020/3/17,2796.284,2826.9068,2715.2213,2779.6407,30614967700,-28.69585348,-7.337919715,-42.71586752
2020/3/18,2792.3221,2815.8737,2728.7563,2728.7563,29115985200,-38.36672012,-13.5436798,-49.64608066
2020/3/19,2719.4063,2736.82,2646.8048,2702.1296,30230274700,-50.70249035,-20.97544191,-59.45409688
2020/3/20,2727.0186,2751.8964,2702.4933,2745.6182,25201950700,-57.35908935,-28.25217139,-58.21383591
2020/3/23,2677.591,2703.3295,2656.5008,2660.1674,24982025000,-66.49639125,-35.90101537,-61.19075177
2020/3/24,2703.0193,2723.4066,2667.1333,2722.4381,25702193000,-70.53602732,-42.82801776,-55.41601912
2020/3/25,2775.3032,2788.6354,2757.8016,2781.5913,27314446600,-67.16684329,-47.69578286,-38.94212086
2020/3/26,2761.8961,2788.5038,2753.4282,2764.9109,23408402200,-64.45161401,-51.04694909,-26.80932983
2020/3/27,2792.9843,2805.5479,2771.7563,2772.2033,24076406600,-60.11895273,-52.86134982,-14.51520582
2020/3/30,2739.7191,2759.0989,2723.0543,2747.2138,23970660400,-59.4975346,-54.18858678,-10.61789565
2020/3/31,2767.3072,2771.1683,2743.1154,2750.2962,21859867400,-57.08019237,-54.76690789,-4.626568945
2020/4/1,2743.5409,2773.3641,2731.0794,2734.5215,21725342700,-55.520587,-54.91764371,-1.20588657
2020/4/2,2720.2284,2780.6379,2719.9043,2780.6379,21786460000,-53.28898579,-54.59191213,2.605852675
2020/4/3,2773.5764,2780.5868,2754.0731,2763.9874,20083740400,-49.52102945,-53.57773559,8.113412283
2020/4/7,2806.9676,2823.2767,2801.8386,2820.7634,27019818600,-42.40242458,-51.34267339,17.88049763
2020/4/8,2805.9166,2823.2139,2800.2963,2815.3686,24351530500,-36.50251079,-48.37464087,23.74426016
2020/4/9,2825.8393,2832.395,2820.4326,2825.9036,23818484300,-30.27199218,-44.75411113,28.96423791
2020/4/10,2827.1873,2833.0148,2789.9756,2796.6312,23345476800,-26.19749249,-41.0427874,29.69058982
2020/4/13,2784.5979,2792.8906,2774.0808,2783.0476,17712455400,-24.94412103,-37.82305413,25.75786619
2020/4/14,2794.801,2827.2981,2789.4279,2827.283,20269656900,-21.59994629,-34.57843256,25.95697255
2020/4/15,2826.6618,2829.7503,2808.7039,2811.1741,20562114600,-17.98624674,-31.2599954,26.54749731
2020/4/16,2798.4295,2823.3382,2796.8388,2819.935,20300377300,-15.70285027,-28.14856637,24.8914322
2020/4/17,2835.5581,2854.9599,2830.0217,2838.4945,24573675000,-11.33192625,-24.78523835,26.90662419
2020/4/20,2840.4085,2852.99,2833.2615,2852.5528,21184707800,-7.375852149,-21.30336111,27.85501792
2020/4/21,2842.2372,2842.2372,2808.0214,2827.0133,23323587000,-5.382980676,-18.11928502,25.47260869
2020/4/22,2814.0661,2843.9804,2808.4819,2843.9804,21732000000,-3.93976279,-15.28338058,22.68723557
2020/4/23,2850.5104,2853.6357,2835.8961,2838.4994,24877903700,-1.407359458,-12.50817635,22.20163379
2020/4/24,2834.9387,2834.9387,2802.4989,2808.5293,23518507600,-1.354401183,-10.27742132,17.84604027
2020/4/27,2812.2422,2832.6662,2802.9579,2815.4947,21013098100,-1.647367194,-8.551410494,13.8080866
2020/4/28,2819.9914,2821.745,2758.2459,2810.0243,25387274500,-2.922173417,-7.425563078,9.006779323
2020/4/29,2801.383,2831.7642,2800.7379,2822.4424,20206180700,-2.963873467,-6.533225156,7.138703378
2020/4/30,2832.3843,2865.59,2832.3843,2860.0822,24245527800,-0.288143894,-5.284208904,9.992130019
2020/5/6,2831.6326,2879.2634,2830.6536,2878.1402,24982661600,2.39482251,-3.748402621,12.28645026
2020/5/7,2876.4727,2882.0222,2864.5813,2871.5232,22673695700,5.963493939,-1.806023309,15.5390345
2020/5/8,2882.7078,2903.7967,2879.2034,2895.3444,22682207500,10.01677305,0.558535962,18.91647417
2020/5/11,2901.5739,2914.2838,2884.3806,2894.802,22512041000,13.75609117,3.198047005,21.11608834
2020/5/12,2894.6171,2897.9018,2871.23,2891.5564,19708298500,15.7365559,5.705748784,20.06161424
2020/5/13,2882.9552,2900.2587,2875.5354,2898.0495,18506131000,17.13865299,7.992329625,18.29264673
2020/5/14,2887.0577,2887.0577,2869.1832,2870.3422,19777620200,17.18114896,9.830093493,14.70211094
2020/5/15,2880.7067,2884.2199,2863.3698,2868.4587,18898359200,16.68189511,11.20045382,10.96288258
2020/5/18,2872.5244,2889.9795,2862.2709,2875.4176,22602288200,16.16918488,12.19420003,7.9499697
2020/5/19,2897.6867,2900.2187,2887.5768,2898.576,19722240500,17.25576194,13.20651241,8.098499052
2020/5/20,2896.4657,2896.4657,2876.1766,2883.7378,21051998500,17.28795237,14.0228004,6.53030394
2020/5/21,2890.7213,2891.5177,2864.2073,2867.9237,20353203800,16.34883545,14.48800741,3.721656078
2020/5/22,2863.0462,2863.0462,2808.0177,2813.7654,20906371200,12.10634544,14.01167502,-3.810659162
2020/5/25,2816.241,2821.4978,2802.4653,2817.9697,17288555700,6.855570405,12.58045409,-11.44976738
2020/5/26,2827.8967,2848.3371,2825.901,2846.5473,17456236900,4.468597997,10.95808288,-12.97896976
2020/5/27,2847.3198,2848.9965,2831.9281,2836.8036,19814934300,2.873924197,9.341251139,-12.93465389
2020/5/28,2838.2072,2861.9241,2820.1455,2846.2217,20754601900,1.620711968,7.797143305,-12.35286267
2020/5/29,2835.584,2855.3756,2829.6271,2852.3512,20679280400,0.748801967,6.387475038,-11.27734614
2020/6/1,2871.9641,2917.1508,2871.9641,2915.4311,26019605000,4.116992684,5.933378567,-3.632771766
2020/6/2,2916.3168,2926.3588,2909.1277,2921.398,25610804900,8.637285779,6.474160009,4.32625154
2020/6/3,2930.3906,2942.7597,2922.6612,2923.3711,25566398000,12.99740133,7.778808273,10.43718611
2020/6/4,2931.8376,2932.9677,2910.7516,2919.2506,22660587300,15.77921464,9.378889546,12.80065018
2020/6/5,2923.1891,2930.7993,2909.1181,2930.7993,21736067300,17.76089527,11.05529069,13.41120915
2020/6/8,2941.9816,2950.0656,2934.2103,2937.7712,23112436000,20.50955308,12.94614317,15.12681982
2020/6/9,2939.5351,2957.1186,2932.9385,2956.1116,20904858500,22.86159976,14.92923449,15.86473055
2020/6/10,2951.2784,2951.3298,2934.8428,2943.7525,20792596900,24.35409076,16.81420574,15.07977003
2020/6/11,2939.7914,2952.651,2912.1932,2920.8968,23372294700,24.13563196,18.27849098,11.71428194
2020/6/12,2876.8029,2930.255,2872.6165,2919.7408,23600864200,21.174267,18.85764619,4.63324163
2020/6/15,2908.2767,2922.5364,2890.0306,2890.0306,24320504600,18.84133615,18.85438418,-0.026096064
2020/6/16,2912.8251,2931.7791,2909.1341,2931.7493,22331306500,18.28683977,18.7408753,-0.90807106
2020/6/17,2932.6708,2936.6162,2919.0353,2935.873,23465439100,18.41595668,18.67589157,-0.519869789
2020/6/18,2929.8799,2942.8983,2920.1054,2939.3151,25869137700,18.46686017,18.63408529,-0.334450251
2020/6/19,2938.7887,2973.3164,2935.8239,2967.6341,26431396100,19.95883116,18.89903447,2.119593388
2020/6/22,2966.9008,2983.4382,2959.035,2965.2717,26788383400,22.0785887,19.53494531,5.087286783
2020/6/23,2960.8875,2972.4025,2949.8469,2970.6203,22521220800,23.07117979,20.24219221,5.657975159
2020/6/24,2972.9827,2982.9425,2971.2235,2979.5505,21320073200,24.6417548,21.12210473,7.039300144
2020/6/29,2973.0757,2977.9122,2951.7702,2961.5164,22062272900,24.74536793,21.84675737,5.797221123
2020/6/30,2965.1054,2990.8253,2965.1054,2984.6741,21495721400,25.3709008,22.55158605,5.638629498
2020/7/1,2991.1813,3026.1862,2984.9841,3025.981,27331314000,28.01732456,23.64473375,8.745181604
2020/7/2,3023.7189,3092.4432,3021.6736,3090.5693,39112799600,33.76149559,25.66808612,16.18681894
2020/7/3,3103.9952,3152.8126,3103.9952,3152.8126,45879385100,43.56512879,29.24749466,28.63526827
2020/7/6,3187.8393,3337.2723,3187.8393,3332.8807,64387890600,61.36356359,35.67070844,51.3857103
2020/7/7,3380.9536,3407.0811,3336.2416,3345.3369,65784015900,83.06039127,45.14864501,75.82349252
2020/7/8,3337.5518,3421.5312,3327.7062,3403.4401,58708168500,99.52392046,56.0237001,87.00044073
2020/7/9,3403.4832,3456.9721,3393.6379,3450.5935,62000182300,115.5654494,67.93204995,95.26679883
2020/7/10,3418.9347,3433.1085,3372.5066,3383.3222,55612001100,124.8858361,79.32280719,91.12605788
2020/7/13,3379.3867,3458.7914,3369.0378,3443.2863,55800687500,131.615108,89.78126734,83.66768124
2020/7/14,3435.0237,3451.2224,3366.0828,3414.6186,54321149200,135.7154112,98.96809611,73.49463011
2020/7/15,3422.0778,3432.4506,3345.7488,3361.3044,49203054200,135.2799708,106.230471,58.09899951
2020/7/16,3356.359,3373.5317,3209.7272,3210.0986,49061312300,125.1833278,110.0210424,30.32457086
2020/7/17,3214.4022,3252.7786,3181.2745,3214.1287,35965241300,110.1199728,110.0408285,0.158288591
2020/7/20,3243.9105,3314.149,3220.684,3314.149,41855530600,101.6563174,108.3639263,-13.41521771
2020/7/21,3330.5467,3336.6791,3300.5719,3320.8947,35925202900,97.77161315,106.2454636,-16.94770099
2020/7/22,3315.1816,3381.9757,3311.7862,3333.1635,39333533500,94.67908345,103.9321876,-18.50620831
2020/7/23,3306.1489,3336.3002,3257.8269,3325.1102,40704249900,88.84943216,100.9156365,-24.1324087
2020/7/24,3310.6449,3319.1268,3184.9645,3196.7684,42705402600,79.0040674,96.53332269,-35.05851058
2020/7/27,3210.3863,3221.9846,3174.6583,3205.2268,29931902100,66.41651247,90.50996065,-48.18689635
2020/7/28,3226.1329,3245.2967,3208.4939,3227.9604,28937786100,57.7046938,83.94890728,-52.48842696
2020/7/29,3221.9883,3294.5521,3209.9902,3294.5521,32492406200,52.47911741,77.6549493,-50.35166378
2020/7/30,3299.5718,3312.4508,3282.1617,3286.822,34070412100,50.97631179,72.3192218,-42.68582003
2020/7/31,3280.7959,3333.7859,3261.6135,3310.0065,35375897900,49.3215873,67.7196949,-36.7962152
2020/8/3,3332.1826,3368.1028,3327.6773,3367.9658,40746086700,51.64566513,64.50488895,-25.71844764
2020/8/4,3376.4402,3391.0743,3352.5017,3371.6875,44232855100,54.78801596,62.56151435,-15.54699678
2020/8/5,3363.3324,3383.6365,3333.877,3377.5648,38582302700,55.96164392,61.24154026,-10.55979269
2020/8/6,3380.7621,3392.7048,3334.3341,3386.4631,41530251000,56.95843855,60.38491992,-6.852962746
2020/8/7,3370.5878,3374.133,3307.7127,3354.0352,40392963300,55.33939857,59.37581565,-8.07283416
2020/8/10,3341.5276,3399.9323,3335.0427,3379.2524,38137963000,54.4231892,58.38529036,-7.924202315
2020/8/11,3379.4874,3409.0589,3336.0945,3340.29,40045270600,53.26814723,57.36186173,-8.18742901
2020/8/12,3327.4929,3335.729,3263.2653,3319.2656,37832895900,47.38508418,55.36650622,-15.96284409
2020/8/13,3328.1754,3338.1518,3309.4629,3320.7261,32429127800,43.24822128,52.94284923,-19.38925591
2020/8/14,3315.6687,3362.0267,3302.7357,3360.0988,30599837600,40.39199826,50.43267904,-20.08136156
2020/8/17,3373.9018,3450.8987,3369.3742,3438.801,43459826000,43.52616143,49.05137552,-11.05042817
2020/8/18,3441.9337,3456.7206,3432.6402,3451.0894,38072927500,48.46532847,48.93416611,-0.937675283
2020/8/19,3444.5646,3454.4613,3406.1642,3408.1288,40572221400,50.40537012,49.22840691,2.353926417
2020/8/20,3385.9645,3394.557,3352.7767,3363.8988,33560098200,47.04080224,48.79088597,-3.500167476
2020/8/21,3380.2269,3393.9175,3358.0005,3380.6825,28748834000,44.18038464,47.86878571,-7.376802134
2020/8/24,3391.1132,3396.5663,3368.0258,3385.6383,26622784100,42.0045357,46.69593571,-9.382800009
2020/8/25,3392.8797,3408.8697,3364.1602,3373.5781,27711342100,39.78411433,45.31357143,-11.0589142
2020/8/26,3371.8083,3382.6032,3320.1355,3329.7388,29445103600,34.89475355,43.22980786,-16.67010861
2020/8/27,3333.4909,3351.8324,3312.9859,3350.1128,23709935300,29.5523039,40.49430706,-21.88400634
2020/8/28,3346.2893,3405.8768,3339.6494,3403.8066,27132554900,27.9654601,37.98853767,-20.04615513
2020/8/31,3416.5497,3442.7363,3395.4675,3395.6775,32347389000,29.4908687,36.28900388,-13.59627036
2020/9/1,3389.7424,3410.6068,3381.7108,3410.6068,24699924900,29.19791853,34.87078681,-11.34573656
2020/9/2,3420.4693,3421.3959,3377.2111,3404.8017,26154631900,29.25810493,33.74825043,-8.980291003
2020/9/3,3404.0319,3425.6294,3374.2634,3384.9806,25534627900,28.27437257,32.65347486,-8.758204578
2020/9/4,3336.4076,3360.1061,3328.5518,3355.3666,22163655000,23.02384183,30.72754825,-15.40741284
2020/9/7,3349.9184,3368.2446,3285.6326,3292.5907,26061656700,16.97167112,27.97637283,-22.00940342
2020/9/8,3301.2173,3324.3929,3276.4431,3316.417,27106627800,10.48265223,24.47762871,-27.98995296
2020/9/9,3280.9974,3289.6148,3238.5606,3254.6279,35150974700,2.194623726,20.02102771,-35.65280797
